level,index_code,industry_code,industry_name,regime,reason,suggested_regime
L1,801010.SI,110000,农林牧渔,balanced,sw_l1_inherit:sw_l1_default_balanced,balanced
L1,801030.SI,220000,基础化工,cyclical_resource,sw_L1_prefix=80103,cyclical_resource
L1,801040.SI,230000,钢铁,cyclical_resource,sw_L1_prefix=80104,cyclical_resource
L1,801050.SI,240000,有色金属,cyclical_resource,sw_L1_prefix=80105,cyclical_resource
L1,801080.SI,270000,电子,high_growth,sw_L1_prefix=80108,high_growth
L1,801880.SI,280000,汽车,stable_value,sw_L1_prefix=80188,stable_value
L1,801110.SI,330000,家用电器,cyclical_resource,sw_L1_prefix=80111,balanced
L1,801120.SI,340000,食品饮料,cyclical_resource,sw_L1_prefix=80112,stable_value
L1,801130.SI,350000,纺织服饰,balanced,sw_l1_inherit:sw_l1_default_balanced,balanced
L1,801140.SI,360000,轻工制造,balanced,sw_l1_inherit:sw_l1_default_balanced,balanced
L1,801150.SI,370000,医药生物,high_growth,sw_L1_keyword=生物,high_growth
L1,801160.SI,410000,公用事业,stable_value,sw_L1_keyword=公用,stable_value
L1,801170.SI,420000,交通运输,cyclical_resource,sw_L1_prefix=80117,balanced
L1,801180.SI,430000,房地产,cyclical_resource,sw_L1_prefix=80118,cyclical_resource
L1,801200.SI,450000,商贸零售,cyclical_resource,sw_L1_prefix=80120,balanced
L1,801210.SI,460000,社会服务,cyclical_resource,sw_L1_prefix=80121,balanced
L1,801780.SI,480000,银行,stable_value,sw_L1_prefix=80178,stable_value
L1,801790.SI,490000,非银金融,stable_value,sw_L1_prefix=80179,stable_value
L1,801230.SI,510000,综合,balanced,sw_l1_inherit:sw_l1_default_balanced,balanced
L1,801710.SI,610000,建筑材料,balanced,sw_l1_inherit:sw_l1_default_balanced,balanced
L1,801720.SI,620000,建筑装饰,balanced,sw_l1_inherit:sw_l1_default_balanced,balanced
L1,801730.SI,630000,电力设备,stable_value,sw_L1_keyword=电力,balanced
L1,801890.SI,640000,机械设备,balanced,sw_l1_inherit:sw_l1_default_balanced,balanced
L1,801740.SI,650000,国防军工,balanced,sw_l1_inherit:sw_l1_default_balanced,balanced
L1,801750.SI,710000,计算机,high_growth,sw_L1_prefix=80175,high_growth
L1,801760.SI,720000,传媒,high_growth,sw_L1_prefix=80176,high_growth
L1,801770.SI,730000,通信,high_growth,sw_L1_keyword=通信,high_growth
L1,801950.SI,740000,煤炭,stable_value,sw_L1_prefix=80195,cyclical_resource
L1,801960.SI,750000,石油石化,stable_value,sw_L1_prefix=80196,cyclical_resource
L1,801970.SI,760000,环保,balanced,sw_l1_inherit:sw_l1_default_balanced,balanced
L1,801980.SI,770000,美容护理,balanced,sw_l1_inherit:sw_l1_default_balanced,balanced
L2,801016.SI,110100,种植业,balanced,sw_l1_inherit:sw_l1_default_balanced,balanced
L2,801015.SI,110200,渔业,balanced,sw_l1_inherit:sw_l1_default_balanced,balanced
L2,801011.SI,110300,林业Ⅱ,balanced,sw_l1_inherit:sw_l1_default_balanced,balanced
L2,801014.SI,110400,饲料,balanced,sw_l1_inherit:sw_l1_default_balanced,balanced
L2,801012.SI,110500,农产品加工,balanced,sw_l1_inherit:sw_l1_default_balanced,balanced
L2,801017.SI,110700,养殖业,balanced,sw_l1_inherit:sw_l1_default_balanced,balanced
L2,801018.SI,110800,动物保健Ⅱ,balanced,sw_l1_inherit:sw_l1_default_balanced,balanced
L2,801019.SI,110900,农业综合Ⅱ,balanced,sw_l1_inherit:sw_l1_default_balanced,balanced
L2,801033.SI,220200,化学原料,cyclical_resource,sw_L2_prefix=80103,cyclical_resource
L2,801034.SI,220300,化学制品,cyclical_resource,sw_L2_prefix=80103,cyclical_resource
L2,801032.SI,220400,化学纤维,cyclical_resource,sw_L2_prefix=80103,cyclical_resource
L2,801036.SI,220500,塑料,cyclical_resource,sw_L2_prefix=80103,cyclical_resource
L2,801037.SI,220600,橡胶,cyclical_resource,sw_L2_prefix=80103,cyclical_resource
L2,801038.SI,220800,农化制品,cyclical_resource,sw_L2_prefix=80103,cyclical_resource
L2,801039.SI,220900,非金属材料Ⅱ,cyclical_resource,sw_L2_prefix=80103,cyclical_resource
L2,801043.SI,230300,冶钢原料,cyclical_resource,sw_L2_prefix=80104,cyclical_resource
L2,801044.SI,230400,普钢,cyclical_resource,sw_L2_prefix=80104,cyclical_resource
L2,801045.SI,230500,特钢Ⅱ,cyclical_resource,sw_L2_prefix=80104,cyclical_resource
L2,801051.SI,240200,金属新材料,cyclical_resource,sw_L2_prefix=80105,cyclical_resource
L2,801055.SI,240300,工业金属,cyclical_resource,sw_L2_prefix=80105,cyclical_resource
L2,801053.SI,240400,贵金属,cyclical_resource,sw_L2_prefix=80105,cyclical_resource
L2,801054.SI,240500,小金属,cyclical_resource,sw_L2_prefix=80105,cyclical_resource
L2,801056.SI,240600,能源金属,cyclical_resource,sw_L2_prefix=80105,cyclical_resource
L2,801081.SI,270100,半导体,high_growth,sw_L2_prefix=80108,high_growth
L2,801083.SI,270200,元件,high_growth,sw_L2_prefix=80108,high_growth
L2,801084.SI,270300,光学光电子,high_growth,sw_L2_prefix=80108,high_growth
L2,801082.SI,270400,其他电子Ⅱ,high_growth,sw_L2_prefix=80108,high_growth
L2,801085.SI,270500,消费电子,high_growth,sw_L2_prefix=80108,high_growth
L2,801086.SI,270600,电子化学品Ⅱ,high_growth,sw_L2_prefix=80108,high_growth
L2,801093.SI,280200,汽车零部件,cyclical_resource,sw_L2_prefix=80109,stable_value
L2,801092.SI,280300,汽车服务,cyclical_resource,sw_L2_prefix=80109,stable_value
L2,801881.SI,280400,摩托车及其他,stable_value,sw_L2_prefix=80188,stable_value
L2,801095.SI,280500,乘用车,cyclical_resource,sw_L2_prefix=80109,stable_value
L2,801096.SI,280600,商用车,cyclical_resource,sw_L2_prefix=80109,stable_value
L2,801111.SI,330100,白色家电,cyclical_resource,sw_L2_prefix=80111,balanced
L2,801112.SI,330200,黑色家电,cyclical_resource,sw_L2_prefix=80111,balanced
L2,801113.SI,330300,小家电,cyclical_resource,sw_L2_prefix=80111,balanced
L2,801114.SI,330400,厨卫电器,cyclical_resource,sw_L2_prefix=80111,balanced
L2,801115.SI,330500,照明设备Ⅱ,cyclical_resource,sw_L2_prefix=80111,balanced
L2,801116.SI,330600,家电零部件Ⅱ,cyclical_resource,sw_L2_prefix=80111,balanced
L2,801117.SI,330700,其他家电Ⅱ,cyclical_resource,sw_L2_prefix=80111,balanced
L2,801124.SI,340400,食品加工,cyclical_resource,sw_L2_prefix=80112,stable_value
L2,801125.SI,340500,白酒Ⅱ,cyclical_resource,sw_L2_prefix=80112,stable_value
L2,801126.SI,340600,非白酒,cyclical_resource,sw_L2_prefix=80112,stable_value
L2,801127.SI,340700,饮料乳品,cyclical_resource,sw_L2_prefix=80112,stable_value
L2,801128.SI,340800,休闲食品,cyclical_resource,sw_L2_prefix=80112,stable_value
L2,801129.SI,340900,调味发酵品Ⅱ,cyclical_resource,sw_L2_prefix=80112,stable_value
L2,801131.SI,350100,纺织制造,balanced,sw_l1_inherit:sw_l1_default_balanced,balanced
L2,801132.SI,350200,服装家纺,balanced,sw_l1_inherit:sw_l1_default_balanced,balanced
L2,801133.SI,350300,饰品,balanced,sw_l1_inherit:sw_l1_default_balanced,balanced
L2,801143.SI,360100,造纸,balanced,sw_l1_inherit:sw_l1_default_balanced,balanced
L2,801141.SI,360200,包装印刷,balanced,sw_l1_inherit:sw_l1_default_balanced,balanced
L2,801142.SI,360300,家居用品,balanced,sw_l1_inherit:sw_l1_default_balanced,balanced
L2,801145.SI,360500,文娱用品,balanced,sw_l1_inherit:sw_l1_default_balanced,balanced
L2,801151.SI,370100,化学制药,high_growth,sw_l1_inherit:sw_l1_keyword=生物,high_growth
L2,801155.SI,370200,中药Ⅱ,high_growth,sw_l1_inherit:sw_l1_keyword=生物,high_growth
L2,801152.SI,370300,生物制品,high_growth,sw_L2_keyword=生物,high_growth
L2,801154.SI,370400,医药商业,high_growth,sw_l1_inherit:sw_l1_keyword=生物,high_growth
L2,801153.SI,370500,医疗器械,high_growth,sw_L2_keyword=医疗,high_growth
L2,801156.SI,370600,医疗服务,high_growth,sw_L2_keyword=医疗,high_growth
L2,801161.SI,410100,电力,stable_value,sw_L2_keyword=电力,stable_value
L2,801163.SI,410300,燃气Ⅱ,stable_value,sw_L2_keyword=燃气,stable_value
L2,801178.SI,420800,物流,cyclical_resource,sw_L2_prefix=80117,balanced
L2,801179.SI,420900,铁路公路,cyclical_resource,sw_L2_prefix=80117,balanced
L2,801991.SI,421000,航空机场,cyclical_resource,sw_l1_inherit:sw_l1_prefix=80117,balanced
L2,801992.SI,421100,航运港口,stable_value,sw_L2_keyword=港口,balanced
L2,801181.SI,430100,房地产开发,cyclical_resource,sw_L2_prefix=80118,cyclical_resource
L2,801183.SI,430300,房地产服务,cyclical_resource,sw_L2_prefix=80118,cyclical_resource
L2,801202.SI,450200,贸易Ⅱ,cyclical_resource,sw_L2_prefix=80120,balanced
L2,801203.SI,450300,一般零售,cyclical_resource,sw_L2_prefix=80120,balanced
L2,801204.SI,450400,专业连锁Ⅱ,cyclical_resource,sw_L2_prefix=80120,balanced
L2,801206.SI,450600,互联网电商,cyclical_resource,sw_L2_prefix=80120,balanced
L2,801207.SI,450700,旅游零售Ⅱ,cyclical_resource,sw_L2_prefix=80120,balanced
L2,801216.SI,460600,体育Ⅱ,cyclical_resource,sw_L2_prefix=80121,balanced
L2,801217.SI,460700,本地生活服务Ⅱ,cyclical_resource,sw_L2_prefix=80121,balanced
L2,801218.SI,460800,专业服务,cyclical_resource,sw_L2_prefix=80121,balanced
L2,801219.SI,460900,酒店餐饮,cyclical_resource,sw_L2_prefix=80121,balanced
L2,801993.SI,461000,旅游及景区,cyclical_resource,sw_l1_inherit:sw_l1_prefix=80121,balanced
L2,801994.SI,461100,教育,cyclical_resource,sw_l1_inherit:sw_l1_prefix=80121,balanced
L2,801782.SI,480200,国有大型银行Ⅱ,stable_value,sw_L2_prefix=80178,stable_value
L2,801783.SI,480300,股份制银行Ⅱ,stable_value,sw_L2_prefix=80178,stable_value
L2,801784.SI,480400,城商行Ⅱ,stable_value,sw_L2_prefix=80178,stable_value
L2,801785.SI,480500,农商行Ⅱ,stable_value,sw_L2_prefix=80178,stable_value
L2,801786.SI,480600,其他银行Ⅱ,stable_value,sw_L2_prefix=80178,stable_value
L2,801193.SI,490100,证券Ⅱ,cyclical_resource,sw_L2_prefix=80119,stable_value
L2,801194.SI,490200,保险Ⅱ,cyclical_resource,sw_L2_prefix=80119,stable_value
L2,801191.SI,490300,多元金融,cyclical_resource,sw_L2_prefix=80119,stable_value
L2,801231.SI,510100,综合Ⅱ,balanced,sw_l1_inherit:sw_l1_default_balanced,balanced
L2,801711.SI,610100,水泥,balanced,sw_l1_inherit:sw_l1_default_balanced,balanced
L2,801712.SI,610200,玻璃玻纤,balanced,sw_l1_inherit:sw_l1_default_balanced,balanced
L2,801713.SI,610300,装修建材,cyclical_resource,sw_L2_keyword=建材,balanced
L2,801721.SI,620100,房屋建设Ⅱ,balanced,sw_l1_inherit:sw_l1_default_balanced,balanced
L2,801722.SI,620200,装修装饰Ⅱ,balanced,sw_l1_inherit:sw_l1_default_balanced,balanced
L2,801723.SI,620300,基础建设,balanced,sw_l1_inherit:sw_l1_default_balanced,balanced
L2,801724.SI,620400,专业工程,balanced,sw_l1_inherit:sw_l1_default_balanced,balanced
L2,801726.SI,620600,工程咨询服务Ⅱ,balanced,sw_l1_inherit:sw_l1_default_balanced,balanced
L2,801731.SI,630100,电机Ⅱ,stable_value,sw_l1_inherit:sw_l1_keyword=电力,balanced
L2,801733.SI,630300,其他电源设备Ⅱ,stable_value,sw_l1_inherit:sw_l1_keyword=电力,balanced
L2,801735.SI,630500,光伏设备,stable_value,sw_l1_inherit:sw_l1_keyword=电力,balanced
L2,801736.SI,630600,风电设备,stable_value,sw_l1_inherit:sw_l1_keyword=电力,balanced
L2,801737.SI,630700,电池,stable_value,sw_l1_inherit:sw_l1_keyword=电力,balanced
L2,801738.SI,630800,电网设备,stable_value,sw_l1_inherit:sw_l1_keyword=电力,balanced
L2,801072.SI,640100,通用设备,cyclical_resource,sw_L2_prefix=80107,balanced
L2,801074.SI,640200,专用设备,cyclical_resource,sw_L2_prefix=80107,balanced
L2,801076.SI,640500,轨交设备Ⅱ,cyclical_resource,sw_L2_prefix=80107,balanced
L2,801077.SI,640600,工程机械,cyclical_resource,sw_L2_prefix=80107,balanced
L2,801078.SI,640700,自动化设备,cyclical_resource,sw_L2_prefix=80107,balanced
L2,801741.SI,650100,航天装备Ⅱ,balanced,sw_l1_inherit:sw_l1_default_balanced,balanced
L2,801742.SI,650200,航空装备Ⅱ,balanced,sw_l1_inherit:sw_l1_default_balanced,balanced
L2,801743.SI,650300,地面兵装Ⅱ,balanced,sw_l1_inherit:sw_l1_default_balanced,balanced
L2,801744.SI,650400,航海装备Ⅱ,balanced,sw_l1_inherit:sw_l1_default_balanced,balanced
L2,801745.SI,650500,军工电子Ⅱ,balanced,sw_l1_inherit:sw_l1_default_balanced,balanced
L2,801101.SI,710100,计算机设备,high_growth,sw_l1_inherit:sw_l1_prefix=80175,high_growth
L2,801103.SI,710300,IT服务Ⅱ,high_growth,sw_l1_inherit:sw_l1_prefix=80175,high_growth
L2,801104.SI,710400,软件开发,high_growth,sw_L2_keyword=软件,high_growth
L2,801764.SI,720400,游戏Ⅱ,high_growth,sw_L2_prefix=80176,high_growth
L2,801765.SI,720500,广告营销,high_growth,sw_L2_prefix=80176,high_growth
L2,801766.SI,720600,影视院线,high_growth,sw_L2_prefix=80176,high_growth
L2,801767.SI,720700,数字媒体,high_growth,sw_L2_prefix=80176,high_growth
L2,801768.SI,720800,社交Ⅱ,high_growth,sw_L2_prefix=80176,high_growth
L2,801769.SI,720900,出版,high_growth,sw_L2_prefix=80176,high_growth
L2,801995.SI,721000,电视广播Ⅱ,high_growth,sw_l1_inherit:sw_l1_prefix=80176,high_growth
L2,801223.SI,730100,通信服务,high_growth,sw_L2_keyword=通信,high_growth
L2,801102.SI,730200,通信设备,high_growth,sw_L2_keyword=通信,high_growth
L2,801951.SI,740100,煤炭开采,stable_value,sw_L2_prefix=80195,cyclical_resource
L2,801952.SI,740200,焦炭Ⅱ,stable_value,sw_L2_prefix=80195,cyclical_resource
L2,801961.SI,750100,油气开采Ⅱ,stable_value,sw_L2_prefix=80196,cyclical_resource
L2,801962.SI,750200,油服工程,stable_value,sw_L2_prefix=80196,cyclical_resource
L2,801963.SI,750300,炼化及贸易,stable_value,sw_L2_prefix=80196,cyclical_resource
L2,801971.SI,760100,环境治理,balanced,sw_l1_inherit:sw_l1_default_balanced,balanced
L2,801972.SI,760200,环保设备Ⅱ,balanced,sw_l1_inherit:sw_l1_default_balanced,balanced
L2,801981.SI,770100,个护用品,balanced,sw_l1_inherit:sw_l1_default_balanced,balanced
L2,801982.SI,770200,化妆品,balanced,sw_l1_inherit:sw_l1_default_balanced,balanced
L2,801983.SI,770300,医疗美容,high_growth,sw_L2_keyword=医疗,balanced
L3,850111.SI,110101,种子,balanced,sw_l1_inherit:sw_l1_default_balanced,balanced
L3,850112.SI,110102,粮食种植,balanced,sw_l1_inherit:sw_l1_default_balanced,balanced
L3,850113.SI,110103,其他种植业,balanced,sw_l1_inherit:sw_l1_default_balanced,balanced
L3,850114.SI,110104,食用菌,balanced,sw_l1_inherit:sw_l1_default_balanced,balanced
L3,850121.SI,110201,海洋捕捞,balanced,sw_l1_inherit:sw_l1_default_balanced,balanced
L3,850122.SI,110202,水产养殖,balanced,sw_l1_inherit:sw_l1_default_balanced,balanced
L3,850131.SI,110301,林业Ⅲ,balanced,sw_l1_inherit:sw_l1_default_balanced,balanced
L3,850142.SI,110402,畜禽饲料,balanced,sw_l1_inherit:sw_l1_default_balanced,balanced
L3,850143.SI,110403,水产饲料,balanced,sw_l1_inherit:sw_l1_default_balanced,balanced
L3,850144.SI,110404,宠物食品,balanced,sw_l1_inherit:sw_l1_default_balanced,balanced
L3,850151.SI,110501,果蔬加工,balanced,sw_l1_inherit:sw_l1_default_balanced,balanced
L3,850152.SI,110502,粮油加工,cyclical_resource,sw_L3_keyword=油,balanced
L3,850154.SI,110504,其他农产品加工,balanced,sw_l1_inherit:sw_l1_default_balanced,balanced
L3,850172.SI,110702,生猪养殖,balanced,sw_l1_inherit:sw_l1_default_balanced,balanced
L3,850173.SI,110703,肉鸡养殖,balanced,sw_l1_inherit:sw_l1_default_balanced,balanced
L3,850174.SI,110704,其他养殖,balanced,sw_l1_inherit:sw_l1_default_balanced,balanced
L3,850181.SI,110801,动物保健Ⅲ,balanced,sw_l1_inherit:sw_l1_default_balanced,balanced
L3,850191.SI,110901,农业综合Ⅲ,balanced,sw_l1_inherit:sw_l1_default_balanced,balanced
L3,850321.SI,220201,纯碱,cyclical_resource,sw_L3_prefix=8503,cyclical_resource
L3,850322.SI,220202,氯碱,cyclical_resource,sw_L3_prefix=8503,cyclical_resource
L3,850323.SI,220203,无机盐,cyclical_resource,sw_L3_prefix=8503,cyclical_resource
L3,850324.SI,220204,其他化学原料,cyclical_resource,sw_L3_prefix=8503,cyclical_resource
L3,850325.SI,220205,煤化工,cyclical_resource,sw_L3_prefix=8503,cyclical_resource
L3,850326.SI,220206,钛白粉,cyclical_resource,sw_L3_prefix=8503,cyclical_resource
L3,850335.SI,220305,涂料油墨,cyclical_resource,sw_L3_prefix=8503,cyclical_resource
L3,850337.SI,220307,民爆制品,cyclical_resource,sw_L3_prefix=8503,cyclical_resource
L3,850338.SI,220308,纺织化学制品,cyclical_resource,sw_L3_prefix=8503,cyclical_resource
L3,850339.SI,220309,其他化学制品,cyclical_resource,sw_L3_prefix=8503,cyclical_resource
L3,850382.SI,220311,氟化工,cyclical_resource,sw_L3_prefix=8503,cyclical_resource
L3,850372.SI,220313,聚氨酯,cyclical_resource,sw_L3_prefix=8503,cyclical_resource
L3,850135.SI,220315,食品及饲料添加剂,cyclical_resource,sw_l1_inherit:sw_l1_prefix=80103,cyclical_resource
L3,850136.SI,220316,有机硅,cyclical_resource,sw_l1_inherit:sw_l1_prefix=80103,cyclical_resource
L3,850137.SI,220317,胶黏剂及胶带,cyclical_resource,sw_l1_inherit:sw_l1_prefix=80103,cyclical_resource
L3,850341.SI,220401,涤纶,cyclical_resource,sw_L3_prefix=8503,cyclical_resource
L3,850343.SI,220403,粘胶,cyclical_resource,sw_L3_prefix=8503,cyclical_resource
L3,850344.SI,220404,其他化学纤维,cyclical_resource,sw_L3_prefix=8503,cyclical_resource
L3,850345.SI,220405,氨纶,cyclical_resource,sw_L3_prefix=8503,cyclical_resource
L3,850346.SI,220406,锦纶,cyclical_resource,sw_L3_prefix=8503,cyclical_resource
L3,850351.SI,220501,其他塑料制品,cyclical_resource,sw_L3_prefix=8503,cyclical_resource
L3,850353.SI,220503,改性塑料,cyclical_resource,sw_L3_prefix=8503,cyclical_resource
L3,850354.SI,220504,合成树脂,cyclical_resource,sw_L3_prefix=8503,cyclical_resource
L3,850355.SI,220505,膜材料,cyclical_resource,sw_L3_prefix=8503,cyclical_resource
L3,850362.SI,220602,其他橡胶制品,cyclical_resource,sw_L3_prefix=8503,cyclical_resource
L3,850363.SI,220603,炭黑,cyclical_resource,sw_L3_prefix=8503,cyclical_resource
L3,850364.SI,220604,橡胶助剂,cyclical_resource,sw_L3_prefix=8503,cyclical_resource
L3,850331.SI,220801,氮肥,cyclical_resource,sw_L3_prefix=8503,cyclical_resource
L3,850332.SI,220802,磷肥及磷化工,cyclical_resource,sw_L3_prefix=8503,cyclical_resource
L3,850333.SI,220803,农药,cyclical_resource,sw_L3_prefix=8503,cyclical_resource
L3,850336.SI,220804,钾肥,cyclical_resource,sw_L3_prefix=8503,cyclical_resource
L3,850381.SI,220805,复合肥,cyclical_resource,sw_L3_prefix=8503,cyclical_resource
L3,850523.SI,220901,非金属材料Ⅲ,cyclical_resource,sw_l1_inherit:sw_l1_prefix=80103,cyclical_resource
L3,850431.SI,230301,铁矿石,cyclical_resource,sw_l1_inherit:sw_l1_prefix=80104,cyclical_resource
L3,850432.SI,230302,冶钢辅料,cyclical_resource,sw_L3_keyword=钢,cyclical_resource
L3,850441.SI,230401,长材,cyclical_resource,sw_l1_inherit:sw_l1_prefix=80104,cyclical_resource
L3,850442.SI,230402,板材,cyclical_resource,sw_l1_inherit:sw_l1_prefix=80104,cyclical_resource
L3,850443.SI,230403,钢铁管材,cyclical_resource,sw_L3_keyword=钢,cyclical_resource
L3,850401.SI,230501,特钢Ⅲ,cyclical_resource,sw_L3_prefix=85040,cyclical_resource
L3,850521.SI,240201,其他金属新材料,cyclical_resource,sw_l1_inherit:sw_l1_prefix=80105,cyclical_resource
L3,850522.SI,240202,磁性材料,cyclical_resource,sw_l1_inherit:sw_l1_prefix=80105,cyclical_resource
L3,850551.SI,240301,铝,cyclical_resource,sw_L3_keyword=铝,cyclical_resource
L3,850552.SI,240302,铜,cyclical_resource,sw_L3_keyword=铜,cyclical_resource
L3,850553.SI,240303,铅锌,cyclical_resource,sw_l1_inherit:sw_l1_prefix=80105,cyclical_resource
L3,850531.SI,240401,黄金,cyclical_resource,sw_l1_inherit:sw_l1_prefix=80105,cyclical_resource
L3,850532.SI,240402,白银,cyclical_resource,sw_l1_inherit:sw_l1_prefix=80105,cyclical_resource
L3,850541.SI,240501,稀土,cyclical_resource,sw_l1_inherit:sw_l1_prefix=80105,cyclical_resource
L3,850542.SI,240502,钨,cyclical_resource,sw_l1_inherit:sw_l1_prefix=80105,cyclical_resource
L3,850544.SI,240504,其他小金属,cyclical_resource,sw_l1_inherit:sw_l1_prefix=80105,cyclical_resource
L3,850545.SI,240505,钼,cyclical_resource,sw_l1_inherit:sw_l1_prefix=80105,cyclical_resource
L3,850561.SI,240601,钴,cyclical_resource,sw_l1_inherit:sw_l1_prefix=80105,cyclical_resource
L3,850562.SI,240602,镍,cyclical_resource,sw_l1_inherit:sw_l1_prefix=80105,cyclical_resource
L3,850543.SI,240603,锂,cyclical_resource,sw_l1_inherit:sw_l1_prefix=80105,cyclical_resource
L3,850812.SI,270102,分立器件,high_growth,sw_l1_inherit:sw_l1_prefix=80108,high_growth
L3,850813.SI,270103,半导体材料,high_growth,sw_L3_keyword=半导体,high_growth
L3,850814.SI,270104,数字芯片设计,high_growth,sw_l1_inherit:sw_l1_prefix=80108,high_growth
L3,850815.SI,270105,模拟芯片设计,high_growth,sw_l1_inherit:sw_l1_prefix=80108,high_growth
L3,850816.SI,270106,集成电路制造,high_growth,sw_l1_inherit:sw_l1_prefix=80108,high_growth
L3,850817.SI,270107,集成电路封测,high_growth,sw_l1_inherit:sw_l1_prefix=80108,high_growth
L3,850818.SI,270108,半导体设备,high_growth,sw_L3_keyword=半导体,high_growth
L3,850822.SI,270202,印制电路板,high_growth,sw_l1_inherit:sw_l1_prefix=80108,high_growth
L3,850823.SI,270203,被动元件,high_growth,sw_l1_inherit:sw_l1_prefix=80108,high_growth
L3,850831.SI,270301,面板,high_growth,sw_l1_inherit:sw_l1_prefix=80108,high_growth
L3,850832.SI,270302,LED,high_growth,sw_l1_inherit:sw_l1_prefix=80108,high_growth
L3,850833.SI,270303,光学元件,high_growth,sw_l1_inherit:sw_l1_prefix=80108,high_growth
L3,850841.SI,270401,其他电子Ⅲ,high_growth,sw_l1_inherit:sw_l1_prefix=80108,high_growth
L3,850853.SI,270503,品牌消费电子,stable_value,sw_L3_keyword=消费,high_growth
L3,850854.SI,270504,消费电子零部件及组装,stable_value,sw_L3_keyword=消费,high_growth
L3,850861.SI,270601,电子化学品Ⅲ,high_growth,sw_l1_inherit:sw_l1_prefix=80108,high_growth
L3,850922.SI,280202,车身附件及饰件,stable_value,sw_l1_inherit:sw_l1_prefix=80188,stable_value
L3,850923.SI,280203,底盘与发动机系统,stable_value,sw_l1_inherit:sw_l1_prefix=80188,stable_value
L3,850924.SI,280204,轮胎轮毂,stable_value,sw_l1_inherit:sw_l1_prefix=80188,stable_value
L3,850925.SI,280205,其他汽车零部件,stable_value,sw_l1_inherit:sw_l1_prefix=80188,stable_value
L3,850926.SI,280206,汽车电子电气系统,stable_value,sw_l1_inherit:sw_l1_prefix=80188,stable_value
L3,850232.SI,280302,汽车经销商,stable_value,sw_l1_inherit:sw_l1_prefix=80188,stable_value
L3,850233.SI,280303,汽车综合服务,stable_value,sw_l1_inherit:sw_l1_prefix=80188,stable_value
L3,858811.SI,280401,其他运输设备,stable_value,sw_l1_inherit:sw_l1_prefix=80188,stable_value
L3,858812.SI,280402,摩托车,stable_value,sw_l1_inherit:sw_l1_prefix=80188,stable_value
L3,850951.SI,280501,电动乘用车,stable_value,sw_l1_inherit:sw_l1_prefix=80188,stable_value
L3,850952.SI,280502,综合乘用车,stable_value,sw_l1_inherit:sw_l1_prefix=80188,stable_value
L3,850912.SI,280601,商用载货车,stable_value,sw_l1_inherit:sw_l1_prefix=80188,stable_value
L3,850913.SI,280602,商用载客车,stable_value,sw_l1_inherit:sw_l1_prefix=80188,stable_value
L3,851112.SI,330102,空调,cyclical_resource,sw_l1_inherit:sw_l1_prefix=80111,balanced
L3,851116.SI,330106,冰洗,cyclical_resource,sw_l1_inherit:sw_l1_prefix=80111,balanced
L3,851121.SI,330201,彩电,cyclical_resource,sw_l1_inherit:sw_l1_prefix=80111,balanced
L3,851122.SI,330202,其他黑色家电,cyclical_resource,sw_l1_inherit:sw_l1_prefix=80111,balanced
L3,851131.SI,330301,厨房小家电,cyclical_resource,sw_l1_inherit:sw_l1_prefix=80111,balanced
L3,851132.SI,330302,清洁小家电,cyclical_resource,sw_l1_inherit:sw_l1_prefix=80111,balanced
L3,851133.SI,330303,个护小家电,cyclical_resource,sw_l1_inherit:sw_l1_prefix=80111,balanced
L3,851141.SI,330401,厨房电器,cyclical_resource,sw_l1_inherit:sw_l1_prefix=80111,balanced
L3,851142.SI,330402,卫浴电器,cyclical_resource,sw_l1_inherit:sw_l1_prefix=80111,balanced
L3,851151.SI,330501,照明设备Ⅲ,cyclical_resource,sw_l1_inherit:sw_l1_prefix=80111,balanced
L3,851161.SI,330601,家电零部件Ⅲ,cyclical_resource,sw_l1_inherit:sw_l1_prefix=80111,balanced
L3,851171.SI,330701,其他家电Ⅲ,cyclical_resource,sw_l1_inherit:sw_l1_prefix=80111,balanced
L3,851241.SI,340401,肉制品,cyclical_resource,sw_l1_inherit:sw_l1_prefix=80112,stable_value
L3,851244.SI,340404,其他食品,cyclical_resource,sw_l1_inherit:sw_l1_prefix=80112,stable_value
L3,851246.SI,340406,预加工食品,cyclical_resource,sw_l1_inherit:sw_l1_prefix=80112,stable_value
L3,851247.SI,340407,保健品,cyclical_resource,sw_l1_inherit:sw_l1_prefix=80112,stable_value
L3,851251.SI,340501,白酒Ⅲ,stable_value,sw_L3_keyword=白酒,stable_value
L3,851232.SI,340601,啤酒,cyclical_resource,sw_l1_inherit:sw_l1_prefix=80112,stable_value
L3,851233.SI,340602,其他酒类,cyclical_resource,sw_l1_inherit:sw_l1_prefix=80112,stable_value
L3,851271.SI,340701,软饮料,cyclical_resource,sw_l1_inherit:sw_l1_prefix=80112,stable_value
L3,851243.SI,340702,乳品,cyclical_resource,sw_l1_inherit:sw_l1_prefix=80112,stable_value
L3,851281.SI,340801,零食,cyclical_resource,sw_l1_inherit:sw_l1_prefix=80112,stable_value
L3,851282.SI,340802,烘焙食品,cyclical_resource,sw_l1_inherit:sw_l1_prefix=80112,stable_value
L3,851283.SI,340803,熟食,cyclical_resource,sw_l1_inherit:sw_l1_prefix=80112,stable_value
L3,851242.SI,340901,调味发酵品Ⅲ,cyclical_resource,sw_l1_inherit:sw_l1_prefix=80112,stable_value
L3,851312.SI,350102,棉纺,balanced,sw_l1_inherit:sw_l1_default_balanced,balanced
L3,851314.SI,350104,印染,balanced,sw_l1_inherit:sw_l1_default_balanced,balanced
L3,851315.SI,350105,辅料,balanced,sw_l1_inherit:sw_l1_default_balanced,balanced
L3,851316.SI,350106,其他纺织,balanced,sw_l1_inherit:sw_l1_default_balanced,balanced
L3,851317.SI,350107,纺织鞋类制造,balanced,sw_l1_inherit:sw_l1_default_balanced,balanced
L3,851325.SI,350205,鞋帽及其他,balanced,sw_l1_inherit:sw_l1_default_balanced,balanced
L3,851326.SI,350206,家纺,balanced,sw_l1_inherit:sw_l1_default_balanced,balanced
L3,851328.SI,350208,运动服装,balanced,sw_l1_inherit:sw_l1_default_balanced,balanced
L3,851329.SI,350209,非运动服装,balanced,sw_l1_inherit:sw_l1_default_balanced,balanced
L3,851331.SI,350301,钟表珠宝,balanced,sw_l1_inherit:sw_l1_default_balanced,balanced
L3,851332.SI,350302,多品类奢侈品,balanced,sw_l1_inherit:sw_l1_default_balanced,balanced
L3,851333.SI,350303,其他饰品,balanced,sw_l1_inherit:sw_l1_default_balanced,balanced
L3,851412.SI,360102,大宗用纸,balanced,sw_l1_inherit:sw_l1_default_balanced,balanced
L3,851413.SI,360103,特种纸,balanced,sw_l1_inherit:sw_l1_default_balanced,balanced
L3,851422.SI,360202,印刷,balanced,sw_l1_inherit:sw_l1_default_balanced,balanced
L3,851423.SI,360203,金属包装,balanced,sw_l1_inherit:sw_l1_default_balanced,balanced
L3,851424.SI,360204,塑料包装,balanced,sw_l1_inherit:sw_l1_default_balanced,balanced
L3,851425.SI,360205,纸包装,balanced,sw_l1_inherit:sw_l1_default_balanced,balanced
L3,851426.SI,360206,综合包装,balanced,sw_l1_inherit:sw_l1_default_balanced,balanced
L3,851436.SI,360306,瓷砖地板,balanced,sw_l1_inherit:sw_l1_default_balanced,balanced
L3,851437.SI,360307,成品家居,balanced,sw_l1_inherit:sw_l1_default_balanced,balanced
L3,851438.SI,360308,定制家居,balanced,sw_l1_inherit:sw_l1_default_balanced,balanced
L3,851439.SI,360309,卫浴制品,balanced,sw_l1_inherit:sw_l1_default_balanced,balanced
L3,851491.SI,360311,其他家居用品,balanced,sw_l1_inherit:sw_l1_default_balanced,balanced
L3,851451.SI,360501,文化用品,balanced,sw_l1_inherit:sw_l1_default_balanced,balanced
L3,851452.SI,360502,娱乐用品,balanced,sw_l1_inherit:sw_l1_default_balanced,balanced
L3,851511.SI,370101,原料药,high_growth,sw_L3_prefix=8515,high_growth
L3,851512.SI,370102,化学制剂,high_growth,sw_L3_prefix=8515,high_growth
L3,851521.SI,370201,中药Ⅲ,high_growth,sw_L3_prefix=8515,high_growth
L3,851522.SI,370302,血液制品,high_growth,sw_L3_prefix=8515,high_growth
L3,851523.SI,370303,疫苗,high_growth,sw_L3_prefix=8515,high_growth
L3,851524.SI,370304,其他生物制品,high_growth,sw_L3_prefix=8515,high_growth
L3,851542.SI,370402,医药流通,high_growth,sw_L3_prefix=8515,high_growth
L3,851543.SI,370403,线下药店,high_growth,sw_L3_prefix=8515,high_growth
L3,851544.SI,370404,互联网药店,high_growth,sw_L3_prefix=8515,high_growth
L3,851532.SI,370502,医疗设备,high_growth,sw_L3_prefix=8515,high_growth
L3,851533.SI,370503,医疗耗材,high_growth,sw_L3_prefix=8515,high_growth
L3,851534.SI,370504,体外诊断,high_growth,sw_L3_prefix=8515,high_growth
L3,851562.SI,370602,诊断服务,high_growth,sw_L3_prefix=8515,high_growth
L3,851563.SI,370603,医疗研发外包,high_growth,sw_L3_prefix=8515,high_growth
L3,851564.SI,370604,医院,high_growth,sw_L3_prefix=8515,high_growth
L3,851565.SI,370605,其他医疗服务,high_growth,sw_L3_prefix=8515,high_growth
L3,851611.SI,410101,火力发电,stable_value,sw_l1_inherit:sw_l1_keyword=公用,stable_value
L3,851612.SI,410102,水力发电,stable_value,sw_l1_inherit:sw_l1_keyword=公用,stable_value
L3,851614.SI,410104,热力服务,stable_value,sw_l1_inherit:sw_l1_keyword=公用,stable_value
L3,851616.SI,410106,光伏发电,stable_value,sw_l1_inherit:sw_l1_keyword=公用,stable_value
L3,851617.SI,410107,风力发电,stable_value,sw_l1_inherit:sw_l1_keyword=公用,stable_value
L3,851618.SI,410108,核力发电,stable_value,sw_l1_inherit:sw_l1_keyword=公用,stable_value
L3,851619.SI,410109,其他能源发电,stable_value,sw_l1_inherit:sw_l1_keyword=公用,stable_value
L3,851610.SI,410110,电能综合服务,stable_value,sw_l1_inherit:sw_l1_keyword=公用,stable_value
L3,851631.SI,410301,燃气Ⅲ,stable_value,sw_L3_keyword=燃气,stable_value
L3,851782.SI,420802,原材料供应链服务,cyclical_resource,sw_L3_prefix=8517,balanced
L3,851783.SI,420803,中间产品及消费品供应链服务,cyclical_resource,sw_L3_prefix=8517,balanced
L3,851784.SI,420804,快递,cyclical_resource,sw_L3_prefix=8517,balanced
L3,851785.SI,420805,跨境物流,cyclical_resource,sw_L3_prefix=8517,balanced
L3,851786.SI,420806,仓储物流,cyclical_resource,sw_L3_prefix=8517,balanced
L3,851787.SI,420807,公路货运,cyclical_resource,sw_L3_prefix=8517,balanced
L3,851731.SI,420901,高速公路,cyclical_resource,sw_L3_prefix=8517,balanced
L3,851721.SI,420902,公交,cyclical_resource,sw_L3_prefix=8517,balanced
L3,851771.SI,420903,铁路运输,cyclical_resource,sw_L3_prefix=8517,balanced
L3,851741.SI,421001,航空运输,cyclical_resource,sw_L3_prefix=8517,balanced
L3,851751.SI,421002,机场,cyclical_resource,sw_L3_prefix=8517,balanced
L3,851761.SI,421101,航运,cyclical_resource,sw_L3_prefix=8517,balanced
L3,851711.SI,421102,港口,cyclical_resource,sw_L3_prefix=8517,balanced
L3,851811.SI,430101,住宅开发,cyclical_resource,sw_l1_inherit:sw_l1_prefix=80118,cyclical_resource
L3,851812.SI,430102,商业地产,cyclical_resource,sw_L3_keyword=地产,cyclical_resource
L3,851813.SI,430103,产业地产,cyclical_resource,sw_L3_keyword=地产,cyclical_resource
L3,851831.SI,430301,物业管理,cyclical_resource,sw_l1_inherit:sw_l1_prefix=80118,cyclical_resource
L3,851832.SI,430302,房产租赁经纪,cyclical_resource,sw_l1_inherit:sw_l1_prefix=80118,cyclical_resource
L3,851833.SI,430303,房地产综合服务,cyclical_resource,sw_L3_keyword=地产,cyclical_resource
L3,852021.SI,450201,贸易Ⅲ,cyclical_resource,sw_l1_inherit:sw_l1_prefix=80120,balanced
L3,852031.SI,450301,百货,cyclical_resource,sw_l1_inherit:sw_l1_prefix=80120,balanced
L3,852032.SI,450302,超市,cyclical_resource,sw_l1_inherit:sw_l1_prefix=80120,balanced
L3,852033.SI,450303,多业态零售,cyclical_resource,sw_l1_inherit:sw_l1_prefix=80120,balanced
L3,852034.SI,450304,商业物业经营,cyclical_resource,sw_l1_inherit:sw_l1_prefix=80120,balanced
L3,852041.SI,450401,专业连锁Ⅲ,cyclical_resource,sw_l1_inherit:sw_l1_prefix=80120,balanced
L3,852061.SI,450601,综合电商,cyclical_resource,sw_l1_inherit:sw_l1_prefix=80120,balanced
L3,852062.SI,450602,跨境电商,cyclical_resource,sw_l1_inherit:sw_l1_prefix=80120,balanced
L3,852063.SI,450603,电商服务,cyclical_resource,sw_l1_inherit:sw_l1_prefix=80120,balanced
L3,852071.SI,450701,旅游零售Ⅲ,cyclical_resource,sw_l1_inherit:sw_l1_prefix=80120,balanced
L3,852161.SI,460601,体育Ⅲ,cyclical_resource,sw_l1_inherit:sw_l1_prefix=80121,balanced
L3,852171.SI,460701,本地生活服务Ⅲ,cyclical_resource,sw_l1_inherit:sw_l1_prefix=80121,balanced
L3,852181.SI,460801,人力资源服务,cyclical_resource,sw_L3_keyword=资源,balanced
L3,852182.SI,460802,检测服务,cyclical_resource,sw_l1_inherit:sw_l1_prefix=80121,balanced
L3,852183.SI,460803,会展服务,cyclical_resource,sw_l1_inherit:sw_l1_prefix=80121,balanced
L3,852184.SI,460804,其他专业服务,cyclical_resource,sw_l1_inherit:sw_l1_prefix=80121,balanced
L3,852121.SI,460901,酒店,cyclical_resource,sw_l1_inherit:sw_l1_prefix=80121,balanced
L3,852141.SI,460902,餐饮,cyclical_resource,sw_l1_inherit:sw_l1_prefix=80121,balanced
L3,859931.SI,461001,博彩,cyclical_resource,sw_l1_inherit:sw_l1_prefix=80121,balanced
L3,852111.SI,461002,人工景区,cyclical_resource,sw_l1_inherit:sw_l1_prefix=80121,balanced
L3,852112.SI,461003,自然景区,cyclical_resource,sw_l1_inherit:sw_l1_prefix=80121,balanced
L3,852131.SI,461004,旅游综合,cyclical_resource,sw_l1_inherit:sw_l1_prefix=80121,balanced
L3,859851.SI,461101,学历教育,cyclical_resource,sw_l1_inherit:sw_l1_prefix=80121,balanced
L3,859852.SI,461102,培训教育,cyclical_resource,sw_l1_inherit:sw_l1_prefix=80121,balanced
L3,859853.SI,461103,教育运营及其他,cyclical_resource,sw_l1_inherit:sw_l1_prefix=80121,balanced
L3,857821.SI,480201,国有大型银行Ⅲ,stable_value,sw_L3_keyword=银行,stable_value
L3,857831.SI,480301,股份制银行Ⅲ,stable_value,sw_L3_keyword=银行,stable_value
L3,857841.SI,480401,城商行Ⅲ,stable_value,sw_l1_inherit:sw_l1_prefix=80178,stable_value
L3,857851.SI,480501,农商行Ⅲ,stable_value,sw_l1_inherit:sw_l1_prefix=80178,stable_value
L3,857861.SI,480601,其他银行Ⅲ,stable_value,sw_L3_keyword=银行,stable_value
L3,851931.SI,490101,证券Ⅲ,stable_value,sw_l1_inherit:sw_l1_prefix=80179,stable_value
L3,851941.SI,490201,保险Ⅲ,stable_value,sw_L3_keyword=保险,stable_value
L3,851922.SI,490302,金融控股,stable_value,sw_l1_inherit:sw_l1_prefix=80179,stable_value
L3,851923.SI,490303,期货,stable_value,sw_l1_inherit:sw_l1_prefix=80179,stable_value
L3,851924.SI,490304,信托,stable_value,sw_l1_inherit:sw_l1_prefix=80179,stable_value
L3,851925.SI,490305,租赁,stable_value,sw_l1_inherit:sw_l1_prefix=80179,stable_value
L3,851926.SI,490306,金融信息服务,stable_value,sw_l1_inherit:sw_l1_prefix=80179,stable_value
L3,851927.SI,490307,资产管理,stable_value,sw_l1_inherit:sw_l1_prefix=80179,stable_value
L3,851928.SI,490308,其他多元金融,stable_value,sw_l1_inherit:sw_l1_prefix=80179,stable_value
L3,852311.SI,510101,综合Ⅲ,balanced,sw_l1_inherit:sw_l1_default_balanced,balanced
L3,857111.SI,610101,水泥制造,balanced,sw_l1_inherit:sw_l1_default_balanced,balanced
L3,857112.SI,610102,水泥制品,balanced,sw_l1_inherit:sw_l1_default_balanced,balanced
L3,857121.SI,610201,玻璃制造,balanced,sw_l1_inherit:sw_l1_default_balanced,balanced
L3,857122.SI,610202,玻纤制造,balanced,sw_l1_inherit:sw_l1_default_balanced,balanced
L3,850615.SI,610301,耐火材料,balanced,sw_l1_inherit:sw_l1_default_balanced,balanced
L3,850616.SI,610302,管材,balanced,sw_l1_inherit:sw_l1_default_balanced,balanced
L3,850614.SI,610303,其他建材,cyclical_resource,sw_L3_keyword=建材,balanced
L3,850617.SI,610304,防水材料,balanced,sw_l1_inherit:sw_l1_default_balanced,balanced
L3,850618.SI,610305,涂料,balanced,sw_l1_inherit:sw_l1_default_balanced,balanced
L3,850623.SI,620101,房屋建设Ⅲ,balanced,sw_l1_inherit:sw_l1_default_balanced,balanced
L3,857221.SI,620201,装修装饰Ⅲ,balanced,sw_l1_inherit:sw_l1_default_balanced,balanced
L3,857236.SI,620306,基建市政工程,balanced,sw_l1_inherit:sw_l1_default_balanced,balanced
L3,857251.SI,620307,园林工程,balanced,sw_l1_inherit:sw_l1_default_balanced,balanced
L3,857241.SI,620401,钢结构,cyclical_resource,sw_L3_keyword=钢,balanced
L3,857242.SI,620402,化学工程,balanced,sw_l1_inherit:sw_l1_default_balanced,balanced
L3,857243.SI,620403,国际工程,balanced,sw_l1_inherit:sw_l1_default_balanced,balanced
L3,857244.SI,620404,其他专业工程,balanced,sw_l1_inherit:sw_l1_default_balanced,balanced
L3,857261.SI,620601,工程咨询服务Ⅲ,balanced,sw_l1_inherit:sw_l1_default_balanced,balanced
L3,850741.SI,630101,电机Ⅲ,stable_value,sw_l1_inherit:sw_l1_keyword=电力,balanced
L3,857331.SI,630301,综合电力设备商,stable_value,sw_L3_keyword=电力,balanced
L3,857334.SI,630304,火电设备,stable_value,sw_l1_inherit:sw_l1_keyword=电力,balanced
L3,857336.SI,630306,其他电源设备Ⅲ,stable_value,sw_l1_inherit:sw_l1_keyword=电力,balanced
L3,857351.SI,630501,硅料硅片,stable_value,sw_l1_inherit:sw_l1_keyword=电力,balanced
L3,857352.SI,630502,光伏电池组件,stable_value,sw_l1_inherit:sw_l1_keyword=电力,balanced
L3,857353.SI,630503,逆变器,stable_value,sw_l1_inherit:sw_l1_keyword=电力,balanced
L3,857354.SI,630504,光伏辅材,stable_value,sw_l1_inherit:sw_l1_keyword=电力,balanced
L3,857355.SI,630505,光伏加工设备,stable_value,sw_l1_inherit:sw_l1_keyword=电力,balanced
L3,857361.SI,630601,风电整机,stable_value,sw_l1_inherit:sw_l1_keyword=电力,balanced
L3,857362.SI,630602,风电零部件,stable_value,sw_l1_inherit:sw_l1_keyword=电力,balanced
L3,857371.SI,630701,锂电池,stable_value,sw_l1_inherit:sw_l1_keyword=电力,balanced
L3,857372.SI,630702,电池化学品,stable_value,sw_l1_inherit:sw_l1_keyword=电力,balanced
L3,857373.SI,630703,锂电专用设备,stable_value,sw_l1_inherit:sw_l1_keyword=电力,balanced
L3,857374.SI,630704,燃料电池,stable_value,sw_l1_inherit:sw_l1_keyword=电力,balanced
L3,857375.SI,630705,蓄电池及其他电池,stable_value,sw_l1_inherit:sw_l1_keyword=电力,balanced
L3,857381.SI,630801,输变电设备,stable_value,sw_l1_inherit:sw_l1_keyword=电力,balanced
L3,857382.SI,630802,配电设备,stable_value,sw_l1_inherit:sw_l1_keyword=电力,balanced
L3,857321.SI,630803,电网自动化设备,stable_value,sw_l1_inherit:sw_l1_keyword=电力,balanced
L3,857323.SI,630804,电工仪器仪表,high_growth,sw_L3_keyword=仪器,balanced
L3,857344.SI,630805,线缆部件及其他,stable_value,sw_l1_inherit:sw_l1_keyword=电力,balanced
L3,850711.SI,640101,机床工具,balanced,sw_l1_inherit:sw_l1_default_balanced,balanced
L3,850713.SI,640103,磨具磨料,balanced,sw_l1_inherit:sw_l1_default_balanced,balanced
L3,850715.SI,640105,制冷空调设备,balanced,sw_l1_inherit:sw_l1_default_balanced,balanced
L3,850716.SI,640106,其他通用设备,balanced,sw_l1_inherit:sw_l1_default_balanced,balanced
L3,850731.SI,640107,仪器仪表,high_growth,sw_L3_keyword=仪器,balanced
L3,850751.SI,640108,金属制品,balanced,sw_l1_inherit:sw_l1_default_balanced,balanced
L3,850725.SI,640203,能源及重型设备,balanced,sw_l1_inherit:sw_l1_default_balanced,balanced
L3,850728.SI,640204,楼宇设备,balanced,sw_l1_inherit:sw_l1_default_balanced,balanced
L3,850721.SI,640206,纺织服装设备,balanced,sw_l1_inherit:sw_l1_default_balanced,balanced
L3,850723.SI,640207,农用机械,balanced,sw_l1_inherit:sw_l1_default_balanced,balanced
L3,850726.SI,640208,印刷包装机械,balanced,sw_l1_inherit:sw_l1_default_balanced,balanced
L3,850727.SI,640209,其他专用设备,balanced,sw_l1_inherit:sw_l1_default_balanced,balanced
L3,850936.SI,640501,轨交设备Ⅲ,balanced,sw_l1_inherit:sw_l1_default_balanced,balanced
L3,850771.SI,640601,工程机械整机,balanced,sw_l1_inherit:sw_l1_default_balanced,balanced
L3,850772.SI,640602,工程机械器件,balanced,sw_l1_inherit:sw_l1_default_balanced,balanced
L3,850781.SI,640701,机器人,balanced,sw_l1_inherit:sw_l1_default_balanced,balanced
L3,850782.SI,640702,工控设备,balanced,sw_l1_inherit:sw_l1_default_balanced,balanced
L3,850783.SI,640703,激光设备,balanced,sw_l1_inherit:sw_l1_default_balanced,balanced
L3,850784.SI,640704,其他自动化设备,balanced,sw_l1_inherit:sw_l1_default_balanced,balanced
L3,857411.SI,650101,航天装备Ⅲ,balanced,sw_l1_inherit:sw_l1_default_balanced,balanced
L3,857421.SI,650201,航空装备Ⅲ,balanced,sw_l1_inherit:sw_l1_default_balanced,balanced
L3,857431.SI,650301,地面兵装Ⅲ,balanced,sw_l1_inherit:sw_l1_default_balanced,balanced
L3,850935.SI,650401,航海装备Ⅲ,balanced,sw_l1_inherit:sw_l1_default_balanced,balanced
L3,857451.SI,650501,军工电子Ⅲ,balanced,sw_l1_inherit:sw_l1_default_balanced,balanced
L3,850702.SI,710102,安防设备,high_growth,sw_l1_inherit:sw_l1_prefix=80175,high_growth
L3,850703.SI,710103,其他计算机设备,high_growth,sw_l1_inherit:sw_l1_prefix=80175,high_growth
L3,852226.SI,710301,IT服务Ⅲ,high_growth,sw_l1_inherit:sw_l1_prefix=80175,high_growth
L3,851041.SI,710401,垂直应用软件,high_growth,sw_L3_keyword=软件,high_growth
L3,851042.SI,710402,横向通用软件,high_growth,sw_L3_keyword=软件,high_growth
L3,857641.SI,720401,游戏Ⅲ,high_growth,sw_l1_inherit:sw_l1_prefix=80176,high_growth
L3,857651.SI,720501,营销代理,high_growth,sw_l1_inherit:sw_l1_prefix=80176,high_growth
L3,857652.SI,720502,广告媒体,high_growth,sw_l1_inherit:sw_l1_prefix=80176,high_growth
L3,857661.SI,720601,影视动漫制作,high_growth,sw_l1_inherit:sw_l1_prefix=80176,high_growth
L3,857662.SI,720602,院线,high_growth,sw_l1_inherit:sw_l1_prefix=80176,high_growth
L3,857671.SI,720701,视频媒体,high_growth,sw_l1_inherit:sw_l1_prefix=80176,high_growth
L3,857672.SI,720702,音频媒体,high_growth,sw_l1_inherit:sw_l1_prefix=80176,high_growth
L3,857673.SI,720703,图片媒体,high_growth,sw_l1_inherit:sw_l1_prefix=80176,high_growth
L3,857674.SI,720704,门户网站,high_growth,sw_l1_inherit:sw_l1_prefix=80176,high_growth
L3,857675.SI,720705,文字媒体,high_growth,sw_l1_inherit:sw_l1_prefix=80176,high_growth
L3,857676.SI,720706,其他数字媒体,high_growth,sw_l1_inherit:sw_l1_prefix=80176,high_growth
L3,857681.SI,720801,社交Ⅲ,high_growth,sw_l1_inherit:sw_l1_prefix=80176,high_growth
L3,857691.SI,720901,教育出版,high_growth,sw_l1_inherit:sw_l1_prefix=80176,high_growth
L3,857692.SI,720902,大众出版,high_growth,sw_l1_inherit:sw_l1_prefix=80176,high_growth
L3,857693.SI,720903,其他出版,high_growth,sw_l1_inherit:sw_l1_prefix=80176,high_growth
L3,859951.SI,721001,电视广播Ⅲ,high_growth,sw_l1_inherit:sw_l1_prefix=80176,high_growth
L3,852212.SI,730102,电信运营商,stable_value,sw_L3_keyword=运营商,high_growth
L3,852213.SI,730103,通信工程及服务,high_growth,sw_L3_keyword=通信,high_growth
L3,852214.SI,730104,通信应用增值服务,high_growth,sw_L3_keyword=通信,high_growth
L3,851024.SI,730204,通信网络设备及器件,high_growth,sw_L3_keyword=通信,high_growth
L3,851025.SI,730205,通信线缆及配套,high_growth,sw_L3_keyword=通信,high_growth
L3,851026.SI,730206,通信终端及配件,high_growth,sw_L3_keyword=通信,high_growth
L3,851027.SI,730207,其他通信设备,high_growth,sw_L3_keyword=通信,high_growth
L3,859511.SI,740101,动力煤,cyclical_resource,sw_L3_keyword=煤,cyclical_resource
L3,859512.SI,740102,焦煤,cyclical_resource,sw_L3_keyword=煤,cyclical_resource
L3,859521.SI,740201,焦炭Ⅲ,stable_value,sw_l1_inherit:sw_l1_prefix=80195,cyclical_resource
L3,859611.SI,750101,油气开采Ⅲ,cyclical_resource,sw_L3_keyword=油,cyclical_resource
L3,859621.SI,750201,油田服务,cyclical_resource,sw_L3_keyword=油,cyclical_resource
L3,859622.SI,750202,油气及炼化工程,cyclical_resource,sw_L3_keyword=油,cyclical_resource
L3,859631.SI,750301,炼油化工,cyclical_resource,sw_L3_keyword=油,cyclical_resource
L3,859632.SI,750302,油品石化贸易,cyclical_resource,sw_L3_keyword=油,cyclical_resource
L3,859633.SI,750303,其他石化,cyclical_resource,sw_L3_keyword=石化,cyclical_resource
L3,859711.SI,760101,大气治理,balanced,sw_l1_inherit:sw_l1_default_balanced,balanced
L3,859712.SI,760102,水务及水治理,stable_value,sw_L3_keyword=水务,balanced
L3,859713.SI,760103,固废治理,balanced,sw_l1_inherit:sw_l1_default_balanced,balanced
L3,859714.SI,760104,综合环境治理,balanced,sw_l1_inherit:sw_l1_default_balanced,balanced
L3,859721.SI,760201,环保设备Ⅲ,balanced,sw_l1_inherit:sw_l1_default_balanced,balanced
L3,859811.SI,770101,生活用纸,balanced,sw_l1_inherit:sw_l1_default_balanced,balanced
L3,859812.SI,770102,洗护用品,balanced,sw_l1_inherit:sw_l1_default_balanced,balanced
L3,859821.SI,770201,化妆品制造及其他,balanced,sw_l1_inherit:sw_l1_default_balanced,balanced
L3,859822.SI,770202,品牌化妆品,balanced,sw_l1_inherit:sw_l1_default_balanced,balanced
L3,859831.SI,770301,医美耗材,balanced,sw_l1_inherit:sw_l1_default_balanced,balanced
L3,859832.SI,770302,医美服务,balanced,sw_l1_inherit:sw_l1_default_balanced,balanced
