ts_code,removed
000001.SZ,FALSE
000001.SZ,TRUE
000002.SZ,TRUE
600200.SH,TRUE
300827.SZ,FALSE
301035.SZ,TRUE
301259.SZ,FALSE
600498.SH,TRUE
603596.SH,TRUE
688279.SH,FALSE
688628.SH,TRUE
688685.SH,TRUE
002159.SZ,TRUE
002938.SZ,FALSE
300570.SZ,FALSE
300679.SZ,TRUE
301080.SZ,TRUE
688187.SH,TRUE
688234.SH,FALSE
002821.SZ,TRUE
002891.SZ,FALSE
300896.SZ,FALSE
000518.SZ,TRUE
600563.SH,FALSE
600933.SH,TRUE
002247.SZ,TRUE
688375.SH,TRUE
000425.SZ,TRUE
601965.SH,TRUE
001225.SZ,TRUE
002309.SZ,TRUE
002520.SZ,TRUE
002630.SZ,TRUE
002825.SZ,TRUE
300783.SZ,TRUE
300789.SZ,TRUE
603488.SH,TRUE
688409.SH,FALSE
688690.SH,TRUE
300454.SZ,FALSE
300203.SZ,FALSE
002180.SZ,TRUE
300044.SZ,TRUE
002709.SZ,FALSE
002847.SZ,TRUE
002650.SZ,TRUE
002008.SZ,FALSE
300729.SZ,TRUE
300760.SZ,FALSE
688448.SH,TRUE
600378.SH,FALSE
002715.SZ,TRUE
300749.SZ,TRUE
300752.SZ,TRUE
300776.SZ,FALSE
600215.SH,TRUE
600322.SH,TRUE
600539.SH,TRUE
600610.SH,TRUE
601866.SH,TRUE
603214.SH,TRUE
603429.SH,TRUE
603897.SH,TRUE
603955.SH,TRUE
605008.SH,FALSE
688166.SH,FALSE
002809.SZ,TRUE
002040.SZ,TRUE
300892.SZ,TRUE
601998.SH,TRUE
605499.SH,FALSE
000617.SZ,TRUE
000078.SZ,TRUE
000721.SZ,TRUE
000815.SZ,TRUE
000821.SZ,TRUE
000566.SZ,TRUE
002882.SZ,TRUE
688331.SH,FALSE
688536.SH,FALSE
000564.SZ,FALSE
000981.SZ,TRUE
001209.SZ,TRUE
002094.SZ,TRUE
002537.SZ,TRUE
002566.SZ,TRUE
300132.SZ,TRUE
300368.SZ,TRUE
300530.SZ,TRUE
301079.SZ,TRUE
301228.SZ,TRUE
301322.SZ,TRUE
301428.SZ,TRUE
600032.SH,TRUE
600212.SH,TRUE
600249.SH,TRUE
600644.SH,TRUE
603390.SH,TRUE
605001.SH,TRUE
605033.SH,TRUE
688155.SH,TRUE
002755.SZ,TRUE
300434.SZ,TRUE
603607.SH,TRUE
002253.SZ,TRUE
300204.SZ,FALSE
002568.SZ,FALSE
002779.SZ,TRUE
003010.SZ,FALSE
301003.SZ,TRUE
601528.SH,TRUE
002294.SZ,FALSE
002345.SZ,FALSE
002431.SZ,TRUE
002550.SZ,TRUE
300240.SZ,TRUE
002275.SZ,FALSE
300502.SZ,FALSE
300750.SZ,FALSE
605337.SH,TRUE
301068.SZ,TRUE
301396.SZ,TRUE
603129.SH,TRUE
603238.SH,TRUE
603333.SH,TRUE
301386.SZ,TRUE
301498.SZ,FALSE
300436.SZ,FALSE
002718.SZ,TRUE
688656.SH,TRUE
600612.SH,FALSE
301190.SZ,TRUE
300927.SZ,TRUE
301277.SZ,TRUE
603356.SH,TRUE
600316.SH,FALSE
300761.SZ,TRUE
605376.SH,FALSE
002236.SZ,FALSE
601788.SH,FALSE
688318.SH,FALSE
000581.SZ,FALSE
601615.SH,FALSE
002104.SZ,FALSE
300146.SZ,FALSE
300144.SZ,FALSE
300142.SZ,FALSE
300138.SZ,FALSE
300136.SZ,FALSE
300133.SZ,FALSE
300130.SZ,FALSE
300124.SZ,FALSE
300122.SZ,FALSE
300119.SZ,FALSE
300118.SZ,FALSE
300115.SZ,FALSE
300113.SZ,FALSE
300100.SZ,FALSE
300085.SZ,FALSE
300083.SZ,FALSE
300077.SZ,FALSE
300075.SZ,FALSE
300073.SZ,FALSE
300070.SZ,FALSE
300068.SZ,FALSE
300065.SZ,FALSE
300059.SZ,FALSE
300058.SZ,FALSE
300054.SZ,FALSE
300049.SZ,FALSE
300037.SZ,FALSE
300035.SZ,FALSE
300034.SZ,FALSE
300033.SZ,FALSE
300017.SZ,FALSE
300015.SZ,FALSE
300014.SZ,FALSE
300012.SZ,FALSE
300010.SZ,FALSE
300009.SZ,FALSE
300007.SZ,FALSE
300002.SZ,FALSE
300001.SZ,FALSE
003029.SZ,FALSE
003021.SZ,FALSE
003015.SZ,FALSE
003006.SZ,FALSE
002993.SZ,FALSE
002987.SZ,FALSE
002979.SZ,FALSE
002967.SZ,FALSE
002928.SZ,FALSE
002925.SZ,FALSE
002920.SZ,FALSE
002916.SZ,FALSE
002913.SZ,FALSE
002906.SZ,FALSE
002901.SZ,FALSE
002881.SZ,FALSE
002850.SZ,FALSE
002841.SZ,FALSE
002837.SZ,FALSE
002812.SZ,FALSE
002797.SZ,FALSE
002782.SZ,FALSE
002777.SZ,FALSE
002773.SZ,FALSE
002747.SZ,FALSE
002741.SZ,FALSE
002739.SZ,FALSE
002738.SZ,FALSE
002736.SZ,FALSE
002703.SZ,FALSE
002690.SZ,FALSE
002657.SZ,FALSE
002653.SZ,FALSE
002648.SZ,FALSE
002626.SZ,FALSE
002625.SZ,FALSE
001400.SZ,FALSE
002607.SZ,FALSE
002603.SZ,FALSE
002601.SZ,FALSE
002600.SZ,FALSE
002595.SZ,FALSE
002594.SZ,FALSE
002583.SZ,FALSE
002558.SZ,FALSE
002557.SZ,FALSE
002555.SZ,FALSE
002549.SZ,FALSE
002536.SZ,FALSE
002517.SZ,FALSE
002506.SZ,FALSE
002487.SZ,FALSE
002484.SZ,FALSE
002475.SZ,FALSE
002472.SZ,FALSE
002466.SZ,FALSE
002465.SZ,FALSE
002463.SZ,FALSE
002461.SZ,FALSE
002460.SZ,FALSE
002459.SZ,FALSE
002458.SZ,FALSE
002444.SZ,FALSE
002439.SZ,FALSE
002432.SZ,FALSE
002421.SZ,FALSE
002415.SZ,FALSE
002414.SZ,FALSE
002410.SZ,FALSE
002409.SZ,FALSE
002396.SZ,FALSE
002387.SZ,FALSE
002384.SZ,FALSE
002373.SZ,FALSE
002371.SZ,FALSE
002364.SZ,FALSE
002352.SZ,FALSE
002351.SZ,FALSE
000009.SZ,FALSE
000021.SZ,FALSE
000026.SZ,FALSE
000027.SZ,FALSE
000032.SZ,FALSE
000034.SZ,FALSE
000061.SZ,FALSE
000066.SZ,FALSE
000099.SZ,FALSE
000155.SZ,FALSE
000158.SZ,FALSE
000333.SZ,FALSE
000408.SZ,FALSE
000415.SZ,FALSE
000423.SZ,FALSE
000426.SZ,FALSE
000513.SZ,FALSE
000537.SZ,FALSE
000538.SZ,FALSE
000555.SZ,FALSE
000582.SZ,FALSE
000591.SZ,FALSE
000625.SZ,FALSE
000629.SZ,FALSE
000636.SZ,FALSE
000651.SZ,FALSE
000657.SZ,FALSE
000661.SZ,FALSE
000681.SZ,FALSE
000708.SZ,FALSE
000719.SZ,FALSE
000729.SZ,FALSE
000735.SZ,FALSE
000762.SZ,FALSE
000768.SZ,FALSE
000776.SZ,FALSE
000777.SZ,FALSE
000786.SZ,FALSE
000791.SZ,FALSE
000792.SZ,FALSE
000811.SZ,FALSE
000823.SZ,FALSE
000831.SZ,FALSE
000837.SZ,FALSE
000886.SZ,FALSE
000887.SZ,FALSE
000893.SZ,FALSE
000895.SZ,FALSE
000902.SZ,FALSE
000938.SZ,FALSE
000951.SZ,FALSE
000960.SZ,FALSE
000962.SZ,FALSE
000963.SZ,FALSE
000967.SZ,FALSE
000970.SZ,FALSE
000977.SZ,FALSE
000987.SZ,FALSE
000988.SZ,FALSE
000997.SZ,FALSE
000999.SZ,FALSE
001289.SZ,FALSE
001301.SZ,FALSE
001306.SZ,FALSE
001319.SZ,FALSE
001339.SZ,FALSE
001389.SZ,FALSE
001391.SZ,FALSE
001872.SZ,FALSE
001965.SZ,FALSE
002001.SZ,FALSE
002006.SZ,FALSE
002011.SZ,FALSE
002015.SZ,FALSE
002023.SZ,FALSE
002028.SZ,FALSE
002032.SZ,FALSE
002036.SZ,FALSE
002043.SZ,FALSE
002048.SZ,FALSE
002049.SZ,FALSE
002050.SZ,FALSE
002052.SZ,FALSE
002056.SZ,FALSE
002063.SZ,FALSE
002073.SZ,FALSE
002074.SZ,FALSE
002080.SZ,FALSE
002085.SZ,FALSE
002121.SZ,FALSE
002126.SZ,FALSE
002129.SZ,FALSE
002130.SZ,FALSE
002138.SZ,FALSE
002139.SZ,FALSE
002156.SZ,FALSE
002166.SZ,FALSE
002174.SZ,FALSE
002176.SZ,FALSE
002185.SZ,FALSE
002192.SZ,FALSE
002202.SZ,FALSE
002208.SZ,FALSE
002217.SZ,FALSE
002222.SZ,FALSE
002223.SZ,FALSE
002230.SZ,FALSE
002240.SZ,FALSE
002241.SZ,FALSE
002244.SZ,FALSE
002249.SZ,FALSE
002261.SZ,FALSE
002273.SZ,FALSE
002281.SZ,FALSE
002287.SZ,FALSE
002311.SZ,FALSE
002335.SZ,FALSE
002970.SZ,FALSE
003816.SZ,FALSE
003040.SZ,FALSE
003022.SZ,FALSE
002683.SZ,FALSE
003009.SZ,FALSE
300161.SZ,FALSE
300158.SZ,FALSE
300166.SZ,FALSE
300168.SZ,FALSE
300170.SZ,FALSE
300177.SZ,FALSE
300180.SZ,FALSE
300182.SZ,FALSE
300184.SZ,FALSE
300185.SZ,FALSE
300188.SZ,FALSE
300207.SZ,FALSE
300212.SZ,FALSE
300224.SZ,FALSE
300229.SZ,FALSE
300231.SZ,FALSE
300236.SZ,FALSE
300251.SZ,FALSE
300255.SZ,FALSE
300272.SZ,FALSE
300274.SZ,FALSE
300284.SZ,FALSE
300285.SZ,FALSE
300298.SZ,FALSE
300308.SZ,FALSE
300315.SZ,FALSE
300322.SZ,FALSE
300328.SZ,FALSE
300339.SZ,FALSE
300346.SZ,FALSE
300347.SZ,FALSE
300357.SZ,FALSE
300373.SZ,FALSE
300377.SZ,FALSE
300378.SZ,FALSE
300383.SZ,FALSE
300390.SZ,FALSE
300394.SZ,FALSE
300408.SZ,FALSE
300409.SZ,FALSE
300413.SZ,FALSE
300418.SZ,FALSE
300432.SZ,FALSE
300433.SZ,FALSE
300442.SZ,FALSE
300450.SZ,FALSE
300458.SZ,FALSE
300459.SZ,FALSE
300468.SZ,FALSE
300474.SZ,FALSE
300475.SZ,FALSE
300476.SZ,FALSE
300496.SZ,FALSE
300503.SZ,FALSE
689009.SH,FALSE
688981.SH,FALSE
688798.SH,FALSE
688787.SH,FALSE
688778.SH,FALSE
688777.SH,FALSE
688775.SH,FALSE
688772.SH,FALSE
688766.SH,FALSE
688757.SH,FALSE
688729.SH,FALSE
688728.SH,FALSE
688726.SH,FALSE
688716.SH,FALSE
688709.SH,FALSE
688702.SH,FALSE
688700.SH,FALSE
688692.SH,FALSE
688691.SH,FALSE
688686.SH,FALSE
688660.SH,FALSE
688657.SH,FALSE
688629.SH,FALSE
688630.SH,FALSE
688617.SH,FALSE
688612.SH,FALSE
688608.SH,FALSE
688605.SH,FALSE
688603.SH,FALSE
688599.SH,FALSE
688591.SH,FALSE
688584.SH,FALSE
688583.SH,FALSE
688582.SH,FALSE
688578.SH,FALSE
688577.SH,FALSE
688568.SH,FALSE
688563.SH,FALSE
688561.SH,FALSE
688553.SH,FALSE
688538.SH,FALSE
688525.SH,FALSE
688521.SH,FALSE
688520.SH,FALSE
688519.SH,FALSE
688512.SH,FALSE
688508.SH,FALSE
688507.SH,FALSE
688502.SH,FALSE
688498.SH,FALSE
688486.SH,FALSE
688475.SH,FALSE
688472.SH,FALSE
688469.SH,FALSE
688449.SH,FALSE
688433.SH,FALSE
688428.SH,FALSE
688411.SH,FALSE
688403.SH,FALSE
688400.SH,FALSE
688396.SH,FALSE
688388.SH,FALSE
688387.SH,FALSE
688385.SH,FALSE
688382.SH,FALSE
688380.SH,FALSE
688365.SH,FALSE
688363.SH,FALSE
688362.SH,FALSE
688361.SH,FALSE
688352.SH,FALSE
688351.SH,FALSE
688349.SH,FALSE
688347.SH,FALSE
688343.SH,FALSE
688339.SH,FALSE
688333.SH,FALSE
688327.SH,FALSE
688322.SH,FALSE
688321.SH,FALSE
688313.SH,FALSE
688300.SH,FALSE
688297.SH,FALSE
688295.SH,FALSE
688293.SH,FALSE
688281.SH,FALSE
688271.SH,FALSE
688270.SH,FALSE
688268.SH,FALSE
688266.SH,FALSE
688265.SH,FALSE
688262.SH,FALSE
688258.SH,FALSE
688256.SH,FALSE
688252.SH,FALSE
688235.SH,FALSE
688221.SH,FALSE
688220.SH,FALSE
688213.SH,FALSE
688207.SH,FALSE
688206.SH,FALSE
688200.SH,FALSE
688188.SH,FALSE
688183.SH,FALSE
688172.SH,FALSE
688169.SH,FALSE
688165.SH,FALSE
688158.SH,FALSE
688153.SH,FALSE
688147.SH,FALSE
688146.SH,FALSE
688131.SH,FALSE
688126.SH,FALSE
688122.SH,FALSE
688120.SH,FALSE
688114.SH,FALSE
688111.SH,FALSE
688110.SH,FALSE
688108.SH,FALSE
688107.SH,FALSE
688088.SH,FALSE
688082.SH,FALSE
688072.SH,FALSE
688063.SH,FALSE
688052.SH,FALSE
688050.SH,FALSE
688048.SH,FALSE
688047.SH,FALSE
688041.SH,FALSE
688037.SH,FALSE
688036.SH,FALSE
688029.SH,FALSE
688027.SH,FALSE
688020.SH,FALSE
688019.SH,FALSE
688018.SH,FALSE
688017.SH,FALSE
688016.SH,FALSE
688012.SH,FALSE
688008.SH,FALSE
688007.SH,FALSE
688005.SH,FALSE
688003.SH,FALSE
688002.SH,FALSE
605358.SH,FALSE
605198.SH,FALSE
605099.SH,FALSE
605077.SH,FALSE
603993.SH,FALSE
603986.SH,FALSE
603983.SH,FALSE
603939.SH,FALSE
603927.SH,FALSE
603899.SH,FALSE
603893.SH,FALSE
603885.SH,FALSE
603881.SH,FALSE
603871.SH,FALSE
603858.SH,FALSE
603848.SH,FALSE
603833.SH,FALSE
603826.SH,FALSE
603816.SH,FALSE
603806.SH,FALSE
603799.SH,FALSE
603737.SH,FALSE
603728.SH,FALSE
603719.SH,FALSE
603666.SH,FALSE
603662.SH,FALSE
603659.SH,FALSE
603650.SH,FALSE
603606.SH,FALSE
603605.SH,FALSE
603533.SH,FALSE
603529.SH,FALSE
603516.SH,FALSE
603501.SH,FALSE
603486.SH,FALSE
603456.SH,FALSE
603444.SH,FALSE
603416.SH,FALSE
603392.SH,FALSE
603383.SH,FALSE
603360.SH,FALSE
603341.SH,FALSE
603338.SH,FALSE
603326.SH,FALSE
603306.SH,FALSE
603298.SH,FALSE
603297.SH,FALSE
603296.SH,FALSE
603290.SH,FALSE
603288.SH,FALSE
603277.SH,FALSE
603267.SH,FALSE
603260.SH,FALSE
603258.SH,FALSE
603259.SH,FALSE
603256.SH,FALSE
603236.SH,FALSE
603233.SH,FALSE
603232.SH,FALSE
603228.SH,FALSE
603227.SH,FALSE
603195.SH,FALSE
603194.SH,FALSE
603171.SH,FALSE
603127.SH,FALSE
603124.SH,FALSE
603119.SH,FALSE
603103.SH,FALSE
603087.SH,FALSE
603083.SH,FALSE
603078.SH,FALSE
603057.SH,FALSE
603056.SH,FALSE
603040.SH,FALSE
603039.SH,FALSE
603019.SH,FALSE
603005.SH,FALSE
601995.SH,FALSE
601985.SH,FALSE
601933.SH,FALSE
601928.SH,FALSE
601921.SH,FALSE
601916.SH,FALSE
601899.SH,FALSE
601888.SH,FALSE
601877.SH,FALSE
601869.SH,FALSE
601865.SH,FALSE
601858.SH,FALSE
601766.SH,FALSE
600118.SH,FALSE
601689.SH,FALSE
601688.SH,FALSE
601669.SH,FALSE
601668.SH,FALSE
601633.SH,FALSE
601618.SH,FALSE
601611.SH,FALSE
601606.SH,FALSE
601579.SH,FALSE
601519.SH,FALSE
601390.SH,FALSE
601360.SH,FALSE
601168.SH,FALSE
601138.SH,FALSE
601100.SH,FALSE
601066.SH,FALSE
601021.SH,FALSE
601016.SH,FALSE
601012.SH,FALSE
600986.SH,FALSE
600977.SH,FALSE
600967.SH,FALSE
600958.SH,FALSE
600941.SH,FALSE
600930.SH,FALSE
600905.SH,FALSE
600900.SH,FALSE
600895.SH,FALSE
600893.SH,FALSE
600884.SH,FALSE
600879.SH,FALSE
600877.SH,FALSE
600873.SH,FALSE
600867.SH,FALSE
600862.SH,FALSE
600845.SH,FALSE
600797.SH,FALSE
600795.SH,FALSE
600787.SH,FALSE
600773.SH,FALSE
600771.SH,FALSE
600763.SH,FALSE
600761.SH,FALSE
600760.SH,FALSE
600750.SH,FALSE
600745.SH,FALSE
600741.SH,FALSE
600732.SH,FALSE
600728.SH,FALSE
600720.SH,FALSE
600707.SH,FALSE
600704.SH,FALSE
600703.SH,FALSE
600699.SH,FALSE
600690.SH,FALSE
600685.SH,FALSE
600682.SH,FALSE
600674.SH,FALSE
600673.SH,FALSE
600663.SH,FALSE
600662.SH,FALSE
600660.SH,FALSE
600645.SH,FALSE
600633.SH,FALSE
600611.SH,FALSE
600602.SH,FALSE
600601.SH,FALSE
600600.SH,FALSE
600598.SH,FALSE
600596.SH,FALSE
600588.SH,FALSE
600584.SH,FALSE
600580.SH,FALSE
600577.SH,FALSE
600570.SH,FALSE
600536.SH,FALSE
600522.SH,FALSE
600518.SH,FALSE
600516.SH,FALSE
600482.SH,FALSE
600460.SH,FALSE
600458.SH,FALSE
600446.SH,FALSE
600438.SH,FALSE
600436.SH,FALSE
600418.SH,FALSE
600415.SH,FALSE
600398.SH,FALSE
600392.SH,FALSE
600366.SH,FALSE
600332.SH,FALSE
600329.SH,FALSE
600309.SH,FALSE
600298.SH,FALSE
600295.SH,FALSE
600276.SH,FALSE
600206.SH,FALSE
600183.SH,FALSE
600161.SH,FALSE
600160.SH,FALSE
600153.SH,FALSE
600150.SH,FALSE
600111.SH,FALSE
600110.SH,FALSE
600096.SH,FALSE
600095.SH,FALSE
600089.SH,FALSE
600085.SH,FALSE
600066.SH,FALSE
600060.SH,FALSE
600039.SH,FALSE
600038.SH,FALSE
600036.SH,FALSE
600031.SH,FALSE
600018.SH,FALSE
600009.SH,FALSE
600007.SH,FALSE
302132.SZ,FALSE
301678.SZ,FALSE
301658.SZ,FALSE
301629.SZ,FALSE
301611.SZ,FALSE
301600.SZ,FALSE
301596.SZ,FALSE
301592.SZ,FALSE
301571.SZ,FALSE
301536.SZ,FALSE
301522.SZ,FALSE
301511.SZ,FALSE
301489.SZ,FALSE
301479.SZ,FALSE
301486.SZ,FALSE
301421.SZ,FALSE
301392.SZ,FALSE
301382.SZ,FALSE
301381.SZ,FALSE
301377.SZ,FALSE
301368.SZ,FALSE
301367.SZ,FALSE
301358.SZ,FALSE
301345.SZ,FALSE
301336.SZ,FALSE
301327.SZ,FALSE
301325.SZ,FALSE
301308.SZ,FALSE
301293.SZ,FALSE
301291.SZ,FALSE
301282.SZ,FALSE
301275.SZ,FALSE
301270.SZ,FALSE
301269.SZ,FALSE
301251.SZ,FALSE
301246.SZ,FALSE
301238.SZ,FALSE
301236.SZ,FALSE
301206.SZ,FALSE
301205.SZ,FALSE
301202.SZ,FALSE
301200.SZ,FALSE
301191.SZ,FALSE
301183.SZ,FALSE
301178.SZ,FALSE
301171.SZ,FALSE
301165.SZ,FALSE
301162.SZ,FALSE
301155.SZ,FALSE
301101.SZ,FALSE
301095.SZ,FALSE
301069.SZ,FALSE
301061.SZ,FALSE
301052.SZ,FALSE
301038.SZ,FALSE
301031.SZ,FALSE
301024.SZ,FALSE
301018.SZ,FALSE
301009.SZ,FALSE
300999.SZ,FALSE
300991.SZ,FALSE
300979.SZ,FALSE
300972.SZ,FALSE
300969.SZ,FALSE
300957.SZ,FALSE
300953.SZ,FALSE
300919.SZ,FALSE
300913.SZ,FALSE
300893.SZ,FALSE
300872.SZ,FALSE
300870.SZ,FALSE
300866.SZ,FALSE
300855.SZ,FALSE
300850.SZ,FALSE
300811.SZ,FALSE
300803.SZ,FALSE
300802.SZ,FALSE
300788.SZ,FALSE
300785.SZ,FALSE
300782.SZ,FALSE
300773.SZ,FALSE
300769.SZ,FALSE
300766.SZ,FALSE
300763.SZ,FALSE
300757.SZ,FALSE
300751.SZ,FALSE
300748.SZ,FALSE
300741.SZ,FALSE
300738.SZ,FALSE
300735.SZ,FALSE
300724.SZ,FALSE
300718.SZ,FALSE
300709.SZ,FALSE
300699.SZ,FALSE
300693.SZ,FALSE
300683.SZ,FALSE
300682.SZ,FALSE
300680.SZ,FALSE
300677.SZ,FALSE
300676.SZ,FALSE
300674.SZ,FALSE
300672.SZ,FALSE
300671.SZ,FALSE
300666.SZ,FALSE
300662.SZ,FALSE
300661.SZ,FALSE
300660.SZ,FALSE
300657.SZ,FALSE
300655.SZ,FALSE
300648.SZ,FALSE
300638.SZ,FALSE
300628.SZ,FALSE
300627.SZ,FALSE
300624.SZ,FALSE
300622.SZ,FALSE
300620.SZ,FALSE
300616.SZ,FALSE
300613.SZ,FALSE
300607.SZ,FALSE
300604.SZ,FALSE
300601.SZ,FALSE
300598.SZ,FALSE
300586.SZ,FALSE
300568.SZ,FALSE
300563.SZ,FALSE
300548.SZ,FALSE
300533.SZ,FALSE
300529.SZ,FALSE
300525.SZ,FALSE
300511.SZ,FALSE
