ts_code,name,industry,bucket,subgroup,priority,new_profile_source,new_citic_source,old_profile_source,old_citic_source,new_rank1_code,new_rank1_name,new_rank1_score,old_rank1_code,old_rank1_name,old_rank1_score,new_rank2_code,new_rank2_name,new_rank2_score,old_rank2_code,old_rank2_name,old_rank2_score,new_rank3_code,new_rank3_name,new_rank3_score,old_rank3_code,old_rank3_name,old_rank3_score,status,notes,new_error,old_error
600036.SH,招商银行,银行,金融,银行,P0,db_company_profile,db_company_profile,db,tushare_ci_index_member,801194.SI,保险Ⅱ,8.7300,801194.SI,保险Ⅱ,8.7300,801783.SI,股份制银行Ⅱ,8.6000,801783.SI,股份制银行Ⅱ,8.6000,801193.SI,证券Ⅱ,6.7600,801193.SI,证券Ⅱ,6.7600,PASS,aligned,,
601398.SH,工商银行,银行,金融,银行,P1,db_company_profile,tushare_ci_index_member,db,tushare_ci_index_member,801782.SI,国有大型银行Ⅱ,9.5000,801782.SI,国有大型银行Ⅱ,9.5000,801193.SI,证券Ⅱ,9.0600,801193.SI,证券Ⅱ,9.0600,801194.SI,保险Ⅱ,5.8200,801194.SI,保险Ⅱ,5.8200,PASS,aligned,,
600030.SH,中信证券,证券,金融,券商,P0,db_company_profile,tushare_ci_index_member,db,tushare_ci_index_member,801193.SI,证券Ⅱ,57.7250,801193.SI,证券Ⅱ,57.7250,801194.SI,保险Ⅱ,8.7300,801194.SI,保险Ⅱ,8.7300,801191.SI,多元金融,2.0000,801191.SI,多元金融,2.0000,PASS,aligned,,
601318.SH,中国平安,保险,金融,保险,P1,db_company_profile,tushare_ci_index_member,db,tushare_ci_index_member,801194.SI,保险Ⅱ,75.4750,801194.SI,保险Ⅱ,75.4750,801191.SI,多元金融,8.0000,801191.SI,多元金融,8.0000,801193.SI,证券Ⅱ,4.6000,801193.SI,证券Ⅱ,4.6000,PASS,aligned,,
600519.SH,贵州茅台,白酒,消费,白酒,P0,db_company_profile,tushare_ci_index_member,db,tushare_ci_index_member,801125.SI,白酒Ⅱ,8.6375,801125.SI,白酒Ⅱ,8.6375,801219.SI,酒店餐饮,8.3200,801219.SI,酒店餐饮,8.3200,801127.SI,饮料乳品,3.3600,801127.SI,饮料乳品,3.3600,PASS,aligned,,
000858.SZ,五粮液,白酒,消费,白酒,P1,db_company_profile,tushare_ci_index_member,db,tushare_ci_index_member,801125.SI,白酒Ⅱ,17.5125,801125.SI,白酒Ⅱ,17.5125,801183.SI,房地产服务,8.9600,801183.SI,房地产服务,8.9600,801141.SI,包装印刷,5.0400,801141.SI,包装印刷,5.0400,PASS,aligned,,
600887.SH,伊利股份,乳制品,消费,食品饮料,P1,db_company_profile,tushare_ci_index_member,db,tushare_ci_index_member,801127.SI,饮料乳品,21.5000,801127.SI,饮料乳品,21.5000,801014.SI,饲料,15.7500,801014.SI,饲料,15.7500,801994.SI,教育,12.6000,801994.SI,教育,12.6000,PASS,aligned,,
000651.SZ,格力电器,家用电器,消费,家电,P1,db_company_profile,tushare_ci_index_member,db,tushare_ci_index_member,801153.SI,医疗器械,52.9200,801153.SI,医疗器械,52.9200,801081.SI,半导体,47.3450,801081.SI,半导体,47.3450,801111.SI,白色家电,35.0000,801111.SI,白色家电,35.0000,PASS,aligned,,
300750.SZ,宁德时代,电气设备,新能源,动力电池,P0,db_company_profile,tushare_ci_index_member,db,tushare_ci_index_member,801737.SI,电池,173.6750,801737.SI,电池,173.6750,801056.SI,能源金属,32.4000,801056.SI,能源金属,32.4000,801733.SI,其他电源设备Ⅱ,30.0000,801733.SI,其他电源设备Ⅱ,30.0000,PASS,aligned,,
601012.SH,隆基绿能,电气设备,新能源,光伏设备,P1,db_company_profile,tushare_ci_index_member,db,tushare_ci_index_member,801735.SI,光伏设备,45.0000,801735.SI,光伏设备,45.0000,801081.SI,半导体,9.7000,801081.SI,半导体,9.7000,801733.SI,其他电源设备Ⅱ,8.2000,801733.SI,其他电源设备Ⅱ,8.2000,PASS,aligned,,
002594.SZ,比亚迪,汽车整车,制造,汽车整车,P0,db_company_profile,tushare_ci_index_member,db,tushare_ci_index_member,801095.SI,乘用车,24.5250,801095.SI,乘用车,24.5250,801076.SI,轨交设备Ⅱ,15.6800,801076.SI,轨交设备Ⅱ,15.6800,801737.SI,电池,14.3500,801737.SI,电池,14.3500,PASS,aligned,,
000625.SZ,长安汽车,汽车整车,制造,汽车整车,P1,db_company_profile,tushare_ci_index_member,db,tushare_ci_index_member,801095.SI,乘用车,16.2000,801095.SI,乘用车,16.2000,801096.SI,商用车,13.2800,801096.SI,商用车,13.2800,801104.SI,软件开发,2.8800,801104.SI,软件开发,2.8800,PASS,aligned,,
300124.SZ,汇川技术,电器仪表,制造,自动化设备,P1,db_company_profile,tushare_ci_index_member,db,tushare_ci_index_member,801078.SI,自动化设备,54.4000,801078.SI,自动化设备,54.4000,801731.SI,电机Ⅱ,18.7300,801731.SI,电机Ⅱ,18.7300,801102.SI,通信设备,7.6800,801102.SI,通信设备,7.6800,PASS,aligned,,
600031.SH,三一重工,工程机械,制造,工程机械,P1,db_company_profile,tushare_ci_index_member,db,tushare_ci_index_member,801077.SI,工程机械,67.3250,801077.SI,工程机械,67.3250,801037.SI,橡胶,22.0000,801037.SI,橡胶,22.0000,801096.SI,商用车,8.3200,801096.SI,商用车,8.3200,PASS,aligned,,
601390.SH,中国中铁,建筑工程,制造,基建工程,P1,db_company_profile,tushare_ci_index_member,db,tushare_ci_index_member,801181.SI,房地产开发,21.9300,801181.SI,房地产开发,21.9300,801723.SI,基础建设,16.0600,801723.SI,基础建设,16.0600,801178.SI,物流,11.6400,801178.SI,物流,11.6400,PASS,aligned,,
601668.SH,中国建筑,建筑工程,制造,基建工程,P1,db_company_profile,tushare_ci_index_member,db,tushare_ci_index_member,801181.SI,房地产开发,13.1250,801181.SI,房地产开发,13.1250,801721.SI,房屋建设Ⅱ,7.4000,801721.SI,房屋建设Ⅱ,7.4000,801077.SI,工程机械,7.0800,801077.SI,工程机械,7.0800,PASS,aligned,,
688981.SH,中芯国际,半导体,科技,半导体,P0,db_company_profile,tushare_ci_index_member,db,tushare_ci_index_member,801081.SI,半导体,53.8000,801081.SI,半导体,53.8000,801082.SI,其他电子Ⅱ,1.0000,801082.SI,其他电子Ⅱ,1.0000,,,,,,,PASS,aligned,,
603986.SH,兆易创新,半导体,科技,半导体,P1,db_company_profile,tushare_ci_index_member,db,tushare_ci_index_member,801081.SI,半导体,55.9625,801081.SI,半导体,55.9625,801082.SI,其他电子Ⅱ,6.0000,801082.SI,其他电子Ⅱ,6.0000,801085.SI,消费电子,3.3800,801085.SI,消费电子,3.3800,PASS,aligned,,
002371.SZ,北方华创,半导体,科技,半导体设备,P0,db_company_profile,tushare_ci_index_member,db,tushare_ci_index_member,801081.SI,半导体,40.9813,801081.SI,半导体,40.9813,801735.SI,光伏设备,26.5600,801735.SI,光伏设备,26.5600,801074.SI,专用设备,19.0225,801074.SI,专用设备,19.0225,PASS,aligned,,
688002.SH,睿创微纳,通信设备,科技,红外与军工电子,P0,db_company_profile,tushare_ci_index_member,db,tushare_ci_index_member,801081.SI,半导体,52.1625,801081.SI,半导体,52.1625,801101.SI,计算机设备,10.0800,801101.SI,计算机设备,10.0800,801084.SI,光学光电子,3.5200,801084.SI,光学光电子,3.5200,PASS,aligned,,
002415.SZ,海康威视,IT设备,科技,计算机设备,P1,db_company_profile,tushare_ci_index_member,db,tushare_ci_index_member,801102.SI,通信设备,24.7200,801102.SI,通信设备,24.7200,801104.SI,软件开发,22.2450,801104.SI,软件开发,22.2450,801223.SI,通信服务,19.2000,801223.SI,通信服务,19.2000,PASS,aligned,,
002475.SZ,立讯精密,元器件,科技,消费电子,P1,db_company_profile,tushare_ci_index_member,db,tushare_ci_index_member,801085.SI,消费电子,24.3000,801085.SI,消费电子,24.3000,801193.SI,证券Ⅱ,1.1500,801193.SI,证券Ⅱ,1.1500,801082.SI,其他电子Ⅱ,1.0000,801082.SI,其他电子Ⅱ,1.0000,PASS,aligned,,
600050.SH,中国联通,电信运营,科技,通信运营,P1,db_company_profile,tushare_ci_index_member,db,tushare_ci_index_member,801223.SI,通信服务,10.1250,801223.SI,通信服务,10.1250,801231.SI,综合Ⅱ,0.6325,801231.SI,综合Ⅱ,0.6325,,,,,,,PASS,aligned,,
600941.SH,中国移动,电信运营,科技,通信运营,P1,db_company_profile,tushare_ci_index_member,db,tushare_ci_index_member,801223.SI,通信服务,23.1750,801223.SI,通信服务,23.1750,801103.SI,IT服务Ⅱ,16.0000,801103.SI,IT服务Ⅱ,16.0000,801765.SI,广告营销,10.5600,801765.SI,广告营销,10.5600,PASS,aligned,,
600276.SH,恒瑞医药,化学制药,医药,化学制药,P0,db_company_profile,tushare_ci_index_member,db,tushare_ci_index_member,801151.SI,化学制药,21.2000,801151.SI,化学制药,21.2000,801153.SI,医疗器械,7.5600,801153.SI,医疗器械,7.5600,801141.SI,包装印刷,6.7200,801141.SI,包装印刷,6.7200,PASS,aligned,,
300015.SZ,爱尔眼科,医疗保健,医药,医疗服务,P1,db_company_profile,tushare_ci_index_member,db,tushare_ci_index_member,801156.SI,医疗服务,20.6250,801156.SI,医疗服务,20.6250,801153.SI,医疗器械,7.5600,801153.SI,医疗器械,7.5600,801766.SI,影视院线,4.1600,801766.SI,影视院线,4.1600,PASS,aligned,,
600309.SH,万华化学,化工原料,周期,化工,P0,db_company_profile,tushare_ci_index_member,db,tushare_ci_index_member,801034.SI,化学制品,16.2000,801034.SI,化学制品,16.2000,801033.SI,化学原料,2.7600,801033.SI,化学原料,2.7600,801142.SI,家居用品,1.8400,801142.SI,家居用品,1.8400,PASS,aligned,,
601899.SH,紫金矿业,铜,周期,有色金属,P1,db_company_profile,tushare_ci_index_member,db,tushare_ci_index_member,801053.SI,贵金属,12.4571,801053.SI,贵金属,12.4571,801056.SI,能源金属,10.8000,801056.SI,能源金属,10.8000,801055.SI,工业金属,7.4000,801055.SI,工业金属,7.4000,PASS,aligned,,
600938.SH,中国海油,石油开采,周期,能源开采,P1,db_company_profile,tushare_ci_index_member,db,tushare_ci_index_member,801961.SI,油气开采Ⅱ,53.4000,801961.SI,油气开采Ⅱ,53.4000,801163.SI,燃气Ⅱ,19.2000,801163.SI,燃气Ⅱ,19.2000,801193.SI,证券Ⅱ,1.1500,801193.SI,证券Ⅱ,1.1500,PASS,aligned,,
600795.SH,国电电力,火力发电,公用事业,火电,P1,db_company_profile,tushare_ci_index_member,db,tushare_ci_index_member,801161.SI,电力,32.5250,801161.SI,电力,32.5250,801738.SI,电网设备,2.8800,801738.SI,电网设备,2.8800,801736.SI,风电设备,2.1600,801736.SI,风电设备,2.1600,PASS,aligned,,
600905.SH,三峡能源,新型电力,公用事业,新能源电力,P1,db_company_profile,tushare_ci_index_member,db,tushare_ci_index_member,801161.SI,电力,17.4625,801161.SI,电力,17.4625,801736.SI,风电设备,8.6400,801736.SI,风电设备,8.6400,801733.SI,其他电源设备Ⅱ,8.0000,801733.SI,其他电源设备Ⅱ,8.0000,PASS,aligned,,
600009.SH,上海机场,机场,交通,机场,P1,db_company_profile,tushare_ci_index_member,db,tushare_ci_index_member,801991.SI,航空机场,32.6000,801991.SI,航空机场,32.6000,801765.SI,广告营销,12.3200,801765.SI,广告营销,12.3200,801202.SI,贸易Ⅱ,9.6750,801202.SI,贸易Ⅱ,9.6750,PASS,aligned,,
601111.SH,中国国航,空运,交通,航空,P1,db_company_profile,tushare_ci_index_member,db,tushare_ci_index_member,801194.SI,保险Ⅱ,17.4600,801194.SI,保险Ⅱ,17.4600,801207.SI,旅游零售Ⅱ,14.4000,801207.SI,旅游零售Ⅱ,14.4000,801178.SI,物流,13.4400,801178.SI,物流,13.4400,PASS,aligned,,
600233.SH,圆通速递,仓储物流,交通,物流,P1,db_company_profile,tushare_ci_index_member,db,tushare_ci_index_member,801178.SI,物流,67.5875,801178.SI,物流,67.5875,801231.SI,综合Ⅱ,3.1625,801231.SI,综合Ⅱ,3.1625,801206.SI,互联网电商,2.0000,801206.SI,互联网电商,2.0000,PASS,aligned,,
600760.SH,中航沈飞,航空,军工,航空装备,P1,db_company_profile,tushare_ci_index_member,db,tushare_ci_index_member,801742.SI,航空装备Ⅱ,14.1600,801742.SI,航空装备Ⅱ,14.1600,801745.SI,军工电子Ⅱ,8.9000,801745.SI,军工电子Ⅱ,8.9000,801741.SI,航天装备Ⅱ,8.0100,801741.SI,航天装备Ⅱ,8.0100,PASS,aligned,,
