ts_code,trade_date,market,valuation_method,valuation_variant,source_valuation_price,target_valuation_price,price_equal,source_valuation_market_cap,target_valuation_market_cap,market_cap_equal,source_source,target_source,source_equal,exists_in_target
301053.SZ,2026-03-20,CN,pe,default,17.838100,17.8381,false,1580185677.87,1580185677.87,true,prefill_command,prefill_command,true,true
688283.SH,2026-03-19,CN,pe,business_match|L2|801072.SI|通用设备,16.264169,16.264169,true,1980975785.49,1980975785.49,true,prefill_refresh,prefill_refresh,true,true
301279.SZ,2026-03-19,CN,pe,default,23.115737,23.115737,true,2999011961.75,2999011961.75,true,prefill_command,prefill_command,true,true
300194.SZ,2026-03-20,CN,ddm,default,0.029429,0.029429,true,35011535.81,35011535.81,true,prefill_command,prefill_command,true,true
000019.SZ,2026-03-19,CN,pb,default,7.520010,7.52001,false,8667076796.98,8667076796.98,true,prefill_command,prefill_command,true,true
688309.SH,2026-03-19,CN,peg,business_match|L2|801037.SI|橡胶,16.713921,16.713921,true,1327106512.62,1327106512.62,true,prefill_refresh,prefill_refresh,true,true
688696.SH,2026-03-19,CN,pb,business_match|L2|801765.SI|广告营销,234.470958,234.470958,true,16417656471.78,16417656471.78,true,prefill_refresh,prefill_refresh,true,true
600967.SH,2026-03-19,CN,ps,default,11.230898,11.230898,true,19112683111.42,19112683111.42,true,prefill_command,prefill_command,true,true
688765.SH,2026-03-19,CN,fcff_dcf,business_match|L2|801982.SI|化妆品,-11.694536,-11.694536,true,-4180796696.44,-4180796696.44,true,prefill_refresh,prefill_refresh,true,true
300225.SZ,2026-03-19,CN,ps,default,4.053499,4.053499,true,1927153178.92,1927153178.92,true,prefill_command,prefill_command,true,true
300937.SZ,2026-03-19,CN,market_cap,default,30.610000,30.61,false,2928357136.00,2928357136,false,prefill_command,prefill_command,true,true
301088.SZ,2026-03-20,CN,pe,default,7.312226,7.312226,true,1666456309.04,1666456309.04,true,prefill_command,prefill_command,true,true
301369.SZ,2026-03-20,CN,pe,default,101.381049,101.381049,true,7155007899.79,7155007899.79,true,prefill_command,prefill_command,true,true
301056.SZ,2026-03-20,CN,ddm,default,0.294286,0.294286,true,78511504.86,78511504.86,true,prefill_command,prefill_command,true,true
300695.SZ,2026-03-20,CN,fcff_dcf,default,10.842987,10.842987,true,1108770491.62,1108770491.62,true,prefill_command,prefill_command,true,true
301278.SZ,2026-03-20,CN,fcff_dcf,default,-21.180721,-21.180721,true,-1900083192.60,-1900083192.6,false,prefill_command,prefill_command,true,true
600323.SH,2026-03-20,CN,peg,default,31.203376,31.203376,true,25441583642.95,25441583642.95,true,prefill_command,prefill_command,true,true
301092.SZ,2026-03-20,CN,pb,default,33.350384,33.350384,true,4486803338.29,4486803338.29,true,prefill_command,prefill_command,true,true
688419.SH,2026-03-19,CN,peg,business_match|L2|801036.SI|塑料,30.083174,30.083174,true,3446077821.84,3446077821.84,true,prefill_refresh,prefill_refresh,true,true
300201.SZ,2026-03-19,CN,pb,default,11.750017,11.750017,true,11856279717.38,11856279717.38,true,prefill_command,prefill_command,true,true
600298.SH,2026-03-20,CN,fcff_dcf,default,12.383051,12.383051,true,10748221428.31,10748221428.31,true,prefill_command,prefill_command,true,true
688616.SH,2026-03-19,CN,ps,business_match|L2|801102.SI|通信设备,19.547198,19.547198,true,3506342436.19,3506342436.19,true,prefill_refresh,prefill_refresh,true,true
301246.SZ,2026-03-19,CN,pb,default,20.120338,20.120338,true,8048272079.02,8048272079.02,true,prefill_command,prefill_command,true,true
300687.SZ,2026-03-20,CN,pb,default,19.899665,19.899665,true,8127254265.63,8127254265.63,true,prefill_command,prefill_command,true,true
301021.SZ,2026-03-20,CN,peg,default,6.503422,6.503422,true,994066147.80,994066147.8,false,prefill_command,prefill_command,true,true
600415.SH,2026-03-20,CN,fcff_dcf,default,24.455162,24.455162,true,134101329560.83,134101329560.83,true,prefill_command,prefill_command,true,true
600019.SH,2026-03-19,CN,pe,default,5.556889,5.556889,true,121040625752.75,121040625752.75,true,prefill_command,prefill_command,true,true
688127.SH,2026-03-19,CN,fcff_dcf,sw_l3_baseline|L3|850833.SI|光学元件,4.586144,4.586144,true,1861505271.33,1861505271.33,true,prefill_refresh,prefill_refresh,true,true
300804.SZ,2026-03-19,CN,fcff_dcf,default,-25.674479,-25.674479,true,-1899911466.51,-1899911466.51,true,prefill_command,prefill_command,true,true
688035.SH,2026-03-19,CN,peg,business_match|L2|801081.SI|半导体,29.929429,29.929429,true,4257161950.32,4257161950.32,true,prefill_refresh,prefill_refresh,true,true
688600.SH,2026-03-19,CN,peg,business_match|L2|801153.SI|医疗器械,12.621816,12.621816,true,1700265803.97,1700265803.97,true,prefill_refresh,prefill_refresh,true,true
688383.SH,2026-03-19,CN,ps,business_match|L2|801737.SI|电池,18.832242,18.832242,true,1914231467.64,1914231467.64,true,prefill_refresh,prefill_refresh,true,true
300308.SZ,2026-03-20,CN,fcff_dcf,default,61.581011,61.581011,true,68423790417.07,68423790417.07,true,prefill_command,prefill_command,true,true
600530.SH,2026-03-20,CN,ps,default,3.811023,3.811023,true,2953238120.75,2953238120.75,true,prefill_command,prefill_command,true,true
603755.SH,2026-03-19,CN,ddm,default,0.441429,0.441429,true,43530896.33,43530896.33,true,prefill_command,prefill_command,true,true
301631.SZ,2026-03-19,CN,fcff_dcf,default,35.364816,35.364816,true,3232859838.63,3232859838.63,true,prefill_command,prefill_command,true,true
688556.SH,2026-03-19,CN,pb,business_match|L2|801074.SI|专用设备,15.466437,15.466437,true,12849112816.19,12849112816.19,true,prefill_refresh,prefill_refresh,true,true
603629.SH,2026-03-19,CN,ddm,default,0.117714,0.117714,true,30885874.29,30885874.29,true,prefill_command,prefill_command,true,true
300184.SZ,2026-03-20,CN,peg,default,6.095108,6.095108,true,7015664916.00,7015664916,false,prefill_command,prefill_command,true,true
688122.SH,2026-03-19,CN,fcff_dcf,business_match|L2|801051.SI|金属新材料,-15.506273,-15.506273,true,-10073874945.05,-10073874945.05,true,prefill_refresh,prefill_refresh,true,true
300049.SZ,2026-03-19,CN,market_cap,default,52.450000,52.45,false,13897985955.00,13897985955,false,prefill_command,prefill_command,true,true
688037.SH,2026-03-19,CN,ps,business_match|L2|801074.SI|专用设备,28.468332,28.468332,true,5739992863.96,5739992863.96,true,prefill_refresh,prefill_refresh,true,true
688016.SH,2026-03-19,CN,fcff_dcf,default,27.361433,27.361433,true,3372628151.62,3372628151.62,true,prefill_refresh,prefill_refresh,true,true
300087.SZ,2026-03-19,CN,pe,default,-59.921001,-59.921001,true,-56765066331.48,-56765066331.48,true,prefill_command,prefill_command,true,true
300580.SZ,2026-03-20,CN,peg,default,2.381239,2.381239,true,1196150355.16,1196150355.16,true,prefill_command,prefill_command,true,true
300868.SZ,2026-03-19,CN,pb,default,39.149978,39.149978,true,5009318017.79,5009318017.79,true,prefill_command,prefill_command,true,true
301665.SZ,2026-03-20,CN,pb,default,27.349816,27.349816,true,12307417016.33,12307417016.33,true,prefill_command,prefill_command,true,true
600038.SH,2026-03-20,CN,pe,default,21.998473,21.998473,true,18036398965.92,18036398965.92,true,prefill_command,prefill_command,true,true
600794.SH,2026-03-19,CN,pb,default,3.920078,3.920078,true,4704689467.74,4704689467.74,true,prefill_command,prefill_command,true,true
301318.SZ,2026-03-19,CN,fcff_dcf,default,18.570928,18.570928,true,2512625801.38,2512625801.38,true,prefill_command,prefill_command,true,true
300881.SZ,2026-03-20,CN,ps,default,33.621628,33.621628,true,3698379058.82,3698379058.82,true,prefill_command,prefill_command,true,true
688459.SH,2026-03-18,CN,fcff_dcf,default,8.190879,8.190879,true,3931621963.66,3931621963.66,true,prefill_command,prefill_command,true,true
688072.SH,2026-03-18,CN,ps,default,308.679851,308.679851,true,87154182339.37,87154182339.37,true,prefill_command,prefill_command,true,true
301515.SZ,2026-03-19,CN,market_cap,default,23.120000,23.12,false,2312000000.00,2312000000,false,prefill_command,prefill_command,true,true
688592.SH,2026-03-19,CN,ps,business_match|L2|801102.SI|通信设备,36.474447,36.474447,true,2934756374.48,2934756374.48,true,prefill_refresh,prefill_refresh,true,true
300699.SZ,2026-03-19,CN,pb,default,33.804416,33.804416,true,28103369136.33,28103369136.33,true,prefill_command,prefill_command,true,true
301518.SZ,2026-03-19,CN,market_cap,default,41.200000,41.2,false,5993344018.00,5993344018,false,prefill_command,prefill_command,true,true
300858.SZ,2026-03-19,CN,pb,default,16.040333,16.040333,true,4226549327.97,4226549327.97,true,prefill_command,prefill_command,true,true
300360.SZ,2026-03-20,CN,ps,default,12.077441,12.077441,true,6210064931.09,6210064931.09,true,prefill_command,prefill_command,true,true
688025.SH,2026-03-18,CN,peg,default,121.926570,121.92657,false,11589050107.44,11589050107.44,true,prefill_command,prefill_command,true,true
300303.SZ,2026-03-19,CN,fcff_dcf,default,1.819359,1.819359,true,2577677825.26,2577677825.26,true,prefill_command,prefill_command,true,true
603163.SH,2026-03-19,CN,market_cap,default,111.240000,111.24,false,11124000000.00,11124000000,false,prefill_command,prefill_command,true,true
600583.SH,2026-03-19,CN,fcff_dcf,default,8.623585,8.623585,true,38127928079.94,38127928079.94,true,prefill_command,prefill_command,true,true
601702.SH,2026-03-19,CN,ps,default,14.800614,14.800614,true,14778865494.31,14778865494.31,true,prefill_command,prefill_command,true,true
300673.SZ,2026-03-20,CN,ps,default,11.752380,11.75238,false,2906432380.74,2906432380.74,true,prefill_command,prefill_command,true,true
688096.SH,2026-03-19,CN,fcff_dcf,sw_l3_baseline|L3|859712.SI|水务及水治理,-2.972597,-2.972597,true,-701664928.89,-701664928.89,true,prefill_refresh,prefill_refresh,true,true
605058.SH,2026-03-19,CN,pe,default,25.085224,25.085224,true,3585279303.92,3585279303.92,true,prefill_command,prefill_command,true,true
688618.SH,2026-03-19,CN,ps,sw_l3_baseline|L3|851024.SI|通信网络设备及器件,20.661345,20.661345,true,2276583336.40,2276583336.4,false,prefill_refresh,prefill_refresh,true,true
688221.SH,2026-03-19,CN,ps,business_match|L2|801153.SI|医疗器械,1.264592,1.264592,true,473689062.37,473689062.37,true,prefill_refresh,prefill_refresh,true,true
300971.SZ,2026-03-19,CN,pe,default,20.697817,20.697817,true,2434063255.75,2434063255.75,true,prefill_command,prefill_command,true,true
000010.SZ,2026-03-19,CN,ps,default,2.130255,2.130255,true,2449052533.92,2449052533.92,true,prefill_command,prefill_command,true,true
300357.SZ,2026-03-19,CN,pe,default,22.541497,22.541497,true,11802367368.10,11802367368.1,false,prefill_command,prefill_command,true,true
688070.SH,2026-03-18,CN,fcff_dcf,default,-20.653194,-20.653194,true,-1808806710.34,-1808806710.34,true,prefill_command,prefill_command,true,true
688116.SH,2026-03-18,CN,peg,default,4.511362,4.511362,true,1653558601.11,1653558601.11,true,prefill_command,prefill_command,true,true
688793.SH,2026-03-19,CN,pb,business_match|L2|801142.SI|家居用品,10.347437,10.347437,true,889314775.10,889314775.1,false,prefill_refresh,prefill_refresh,true,true
601026.SH,2026-03-19,CN,peg,default,10.475159,10.475159,true,6907319948.25,6907319948.25,true,prefill_command,prefill_command,true,true
600000.SH,2026-03-20,CN,pb,default,11.610076,11.610076,true,386683327800.00,386683327800,false,prefill_command,prefill_command,true,true
300501.SZ,2026-03-19,CN,pb,default,18.199245,18.199245,true,3522247314.21,3522247314.21,true,prefill_command,prefill_command,true,true
603298.SH,2026-03-19,CN,pe,default,19.097493,19.097493,true,25014126787.09,25014126787.09,true,prefill_command,prefill_command,true,true
688550.SH,2026-03-19,CN,peg,business_match|L2|801151.SI|化学制药,78.128381,78.128381,true,13582184454.14,13582184454.14,true,prefill_refresh,prefill_refresh,true,true
301109.SZ,2026-03-19,CN,fcff_dcf,default,11.499125,11.499125,true,9073968984.43,9073968984.43,true,prefill_command,prefill_command,true,true
688202.SH,2026-03-19,CN,ps,sw_l3_baseline|L3|851563.SI|医疗研发外包,28.555340,28.55534,false,3836472295.27,3836472295.27,true,prefill_refresh,prefill_refresh,true,true
600651.SH,2026-03-19,CN,peg,default,0.568582,0.568582,true,1425451291.68,1425451291.68,true,prefill_command,prefill_command,true,true
301057.SZ,2026-03-19,CN,peg,default,6.801874,6.801874,true,795611366.26,795611366.26,true,prefill_command,prefill_command,true,true
603917.SH,2026-03-19,CN,peg,default,5.442188,5.442188,true,1109335606.65,1109335606.65,true,prefill_command,prefill_command,true,true
601169.SH,2026-03-19,CN,pb,default,7.578369,7.578369,true,160229334200.00,160229334200,false,prefill_command,prefill_command,true,true
301117.SZ,2026-03-19,CN,peg,default,-3.332396,-3.332396,true,-430440953.40,-430440953.4,false,prefill_command,prefill_command,true,true
600873.SH,2026-03-19,CN,market_cap,default,11.870000,11.87,false,33286348386.00,33286348386,false,prefill_command,prefill_command,true,true
605008.SH,2026-03-19,CN,pe,default,25.687271,25.687271,true,16593011673.11,16593011673.11,true,prefill_command,prefill_command,true,true
600609.SH,2026-03-19,CN,pb,default,4.330028,4.330028,true,5648774696.54,5648774696.54,true,prefill_command,prefill_command,true,true
600573.SH,2026-03-20,CN,peg,default,9.344007,9.344007,true,2336001767.21,2336001767.21,true,prefill_command,prefill_command,true,true
300234.SZ,2026-03-20,CN,ps,default,3.388797,3.388797,true,1705144877.79,1705144877.79,true,prefill_command,prefill_command,true,true
300842.SZ,2026-03-19,CN,pe,default,29.811471,29.811471,true,4331002867.32,4331002867.32,true,prefill_command,prefill_command,true,true
300893.SZ,2026-03-19,CN,ps,default,16.377572,16.377572,true,7746612270.59,7746612270.59,true,prefill_command,prefill_command,true,true
300484.SZ,2026-03-20,CN,peg,default,10.271556,10.271556,true,2127895602.75,2127895602.75,true,prefill_command,prefill_command,true,true
600746.SH,2026-03-19,CN,pb,default,8.540198,8.540198,true,9973609519.76,9973609519.76,true,prefill_command,prefill_command,true,true
301592.SZ,2026-03-20,CN,fcff_dcf,default,-15.410713,-15.410713,true,-1078749938.34,-1078749938.34,true,prefill_command,prefill_command,true,true
688112.SH,2026-03-18,CN,peg,default,37.619441,37.619441,true,6003945598.05,6003945598.05,true,prefill_command,prefill_command,true,true
000534.SZ,2026-03-19,CN,market_cap,default,41.950000,41.95,false,21375560246.00,21375560246,false,prefill_command,prefill_command,true,true
600371.SH,2026-03-19,CN,ps,default,6.321826,6.321826,true,1849627312.29,1849627312.29,true,prefill_command,prefill_command,true,true
